-- phpMyAdmin SQL Dump
-- version 5.2.1
-- https://www.phpmyadmin.net/
--
-- Host: 127.0.0.1
-- Generation Time: Nov 21, 2025 at 12:19 PM
-- Server version: 10.4.32-MariaDB
-- PHP Version: 8.2.12

SET SQL_MODE = "NO_AUTO_VALUE_ON_ZERO";
START TRANSACTION;
SET time_zone = "+00:00";


/*!40101 SET @OLD_CHARACTER_SET_CLIENT=@@CHARACTER_SET_CLIENT */;
/*!40101 SET @OLD_CHARACTER_SET_RESULTS=@@CHARACTER_SET_RESULTS */;
/*!40101 SET @OLD_COLLATION_CONNECTION=@@COLLATION_CONNECTION */;
/*!40101 SET NAMES utf8mb4 */;

--
-- Database: `arsdatabase`
--

-- --------------------------------------------------------

--
-- Table structure for table `aspnetroleclaims`
--

CREATE TABLE `aspnetroleclaims` (
  `Id` int(11) NOT NULL,
  `RoleId` int(11) NOT NULL,
  `ClaimType` longtext DEFAULT NULL,
  `ClaimValue` longtext DEFAULT NULL
) ENGINE=InnoDB DEFAULT CHARSET=utf8mb4 COLLATE=utf8mb4_general_ci;

-- --------------------------------------------------------

--
-- Table structure for table `aspnetroles`
--

CREATE TABLE `aspnetroles` (
  `Id` int(11) NOT NULL,
  `Name` varchar(256) DEFAULT NULL,
  `NormalizedName` varchar(256) DEFAULT NULL,
  `ConcurrencyStamp` longtext DEFAULT NULL
) ENGINE=InnoDB DEFAULT CHARSET=utf8mb4 COLLATE=utf8mb4_general_ci;

--
-- Dumping data for table `aspnetroles`
--

INSERT INTO `aspnetroles` (`Id`, `Name`, `NormalizedName`, `ConcurrencyStamp`) VALUES
(1, 'Admin', 'ADMIN', NULL),
(2, 'Customer', 'CUSTOMER', NULL);

-- --------------------------------------------------------

--
-- Table structure for table `aspnetuserclaims`
--

CREATE TABLE `aspnetuserclaims` (
  `Id` int(11) NOT NULL,
  `UserId` int(11) NOT NULL,
  `ClaimType` longtext DEFAULT NULL,
  `ClaimValue` longtext DEFAULT NULL
) ENGINE=InnoDB DEFAULT CHARSET=utf8mb4 COLLATE=utf8mb4_general_ci;

-- --------------------------------------------------------

--
-- Table structure for table `aspnetuserlogins`
--

CREATE TABLE `aspnetuserlogins` (
  `LoginProvider` varchar(255) NOT NULL,
  `ProviderKey` varchar(255) NOT NULL,
  `ProviderDisplayName` longtext DEFAULT NULL,
  `UserId` int(11) NOT NULL
) ENGINE=InnoDB DEFAULT CHARSET=utf8mb4 COLLATE=utf8mb4_general_ci;

-- --------------------------------------------------------

--
-- Table structure for table `aspnetuserroles`
--

CREATE TABLE `aspnetuserroles` (
  `UserId` int(11) NOT NULL,
  `RoleId` int(11) NOT NULL
) ENGINE=InnoDB DEFAULT CHARSET=utf8mb4 COLLATE=utf8mb4_general_ci;

--
-- Dumping data for table `aspnetuserroles`
--

INSERT INTO `aspnetuserroles` (`UserId`, `RoleId`) VALUES
(2, 2),
(3, 1);

-- --------------------------------------------------------

--
-- Table structure for table `aspnetusers`
--

CREATE TABLE `aspnetusers` (
  `Id` int(11) NOT NULL,
  `UserName` varchar(256) DEFAULT NULL,
  `NormalizedUserName` varchar(256) DEFAULT NULL,
  `Email` varchar(256) DEFAULT NULL,
  `NormalizedEmail` varchar(256) DEFAULT NULL,
  `EmailConfirmed` tinyint(1) NOT NULL DEFAULT 0,
  `PasswordHash` longtext DEFAULT NULL,
  `SecurityStamp` longtext DEFAULT NULL,
  `ConcurrencyStamp` longtext DEFAULT NULL,
  `PhoneNumber` longtext DEFAULT NULL,
  `PhoneNumberConfirmed` tinyint(1) NOT NULL DEFAULT 0,
  `TwoFactorEnabled` tinyint(1) NOT NULL DEFAULT 0,
  `LockoutEnd` datetime(6) DEFAULT NULL,
  `LockoutEnabled` tinyint(1) NOT NULL DEFAULT 0,
  `AccessFailedCount` int(11) NOT NULL DEFAULT 0,
  `FirstName` varchar(100) NOT NULL,
  `LastName` varchar(100) NOT NULL,
  `Phone` varchar(20) DEFAULT NULL,
  `Address` varchar(500) DEFAULT NULL,
  `Gender` char(1) NOT NULL,
  `Age` int(11) DEFAULT NULL,
  `CreditCardNumber` varchar(20) DEFAULT NULL,
  `SkyMiles` int(11) NOT NULL DEFAULT 0
) ENGINE=InnoDB DEFAULT CHARSET=utf8mb4 COLLATE=utf8mb4_general_ci;

--
-- Dumping data for table `aspnetusers`
--

INSERT INTO `aspnetusers` (`Id`, `UserName`, `NormalizedUserName`, `Email`, `NormalizedEmail`, `EmailConfirmed`, `PasswordHash`, `SecurityStamp`, `ConcurrencyStamp`, `PhoneNumber`, `PhoneNumberConfirmed`, `TwoFactorEnabled`, `LockoutEnd`, `LockoutEnabled`, `AccessFailedCount`, `FirstName`, `LastName`, `Phone`, `Address`, `Gender`, `Age`, `CreditCardNumber`, `SkyMiles`) VALUES
(2, 'scwar69@gmail.com', 'SCWAR69@GMAIL.COM', 'scwar69@gmail.com', 'SCWAR69@GMAIL.COM', 0, 'AQAAAAIAAYagAAAAEB5/Y9Od68hwamt3/tKCVW9McdMMddgzlPOGk7QGA9PE+Xk0CgMAvcg9/V28lmdb0A==', '6BTE3LQIFCGP4NILR4LPBLK6CCKRF56P', 'b397762e-4abd-4723-b1d5-d65ea96883a8', NULL, 0, 0, NULL, 1, 0, 'Shiro', 'White', '0825113336', '123', 'M', 22, NULL, 0),
(3, 'admin@example.com', 'ADMIN@EXAMPLE.COM', 'admin@example.com', 'ADMIN@EXAMPLE.COM', 1, 'AQAAAAIAAYagAAAAEG7ayN6WHIKXxH2OVQMIbshP8dMSAZKlGzXDapfaQg92/BjJUTZ/XdAZyX3n8adDKg==', 'WUT6GSOXAPRZKPFMCJWDHZHLGSIAMVKA', 'be9fc003-aa44-4dad-b56a-de7db00cb7d5', NULL, 0, 0, NULL, 1, 0, 'Admin', 'User', NULL, NULL, 'O', NULL, NULL, 0);

-- --------------------------------------------------------

--
-- Table structure for table `aspnetusertokens`
--

CREATE TABLE `aspnetusertokens` (
  `UserId` int(11) NOT NULL,
  `LoginProvider` varchar(255) NOT NULL,
  `Name` varchar(255) NOT NULL,
  `Value` longtext DEFAULT NULL
) ENGINE=InnoDB DEFAULT CHARSET=utf8mb4 COLLATE=utf8mb4_general_ci;

-- --------------------------------------------------------

--
-- Table structure for table `cities`
--

CREATE TABLE `cities` (
  `CityID` int(11) NOT NULL,
  `CityName` varchar(100) NOT NULL,
  `Country` varchar(100) NOT NULL,
  `AirportCode` varchar(10) NOT NULL
) ENGINE=InnoDB DEFAULT CHARSET=utf8mb4 COLLATE=utf8mb4_general_ci;

--
-- Dumping data for table `cities`
--

INSERT INTO `cities` (`CityID`, `CityName`, `Country`, `AirportCode`) VALUES
(1, 'Manila', 'Philippines', 'MNL'),
(2, 'Cebu', 'Philippines', 'CEB'),
(3, 'Tokyo', 'Japan', 'NRT'),
(4, 'Singapore', 'Singapore', 'SIN'),
(5, 'Hong Kong', 'Hong Kong', 'HKG');

-- --------------------------------------------------------

--
-- Table structure for table `flights`
--

CREATE TABLE `flights` (
  `FlightID` int(11) NOT NULL,
  `FlightNumber` varchar(20) NOT NULL,
  `OriginCityID` int(11) NOT NULL,
  `DestinationCityID` int(11) NOT NULL,
  `DepartureTime` datetime(6) NOT NULL,
  `ArrivalTime` datetime(6) NOT NULL,
  `Duration` int(11) NOT NULL,
  `AircraftType` varchar(50) NOT NULL,
  `TotalSeats` int(11) NOT NULL,
  `BaseFare` decimal(10,2) NOT NULL,
  `PolicyID` int(11) DEFAULT NULL,
  `SeatLayoutId` int(11) DEFAULT NULL
) ENGINE=InnoDB DEFAULT CHARSET=utf8mb4 COLLATE=utf8mb4_general_ci;

--
-- Dumping data for table `flights`
--

INSERT INTO `flights` (`FlightID`, `FlightNumber`, `OriginCityID`, `DestinationCityID`, `DepartureTime`, `ArrivalTime`, `Duration`, `AircraftType`, `TotalSeats`, `BaseFare`, `PolicyID`, `SeatLayoutId`) VALUES
(113, 'AR251106356', 4, 3, '2025-11-21 18:09:00.000000', '2025-11-21 21:10:00.000000', 181, 'A320', 180, 389.59, NULL, NULL),
(114, 'AR251107908', 2, 3, '2025-11-21 20:29:00.000000', '2025-11-22 00:59:00.000000', 270, 'B737', 160, 402.80, NULL, NULL),
(115, 'AR251100842', 2, 4, '2025-11-22 06:27:00.000000', '2025-11-22 10:11:00.000000', 224, 'A321', 220, 471.81, NULL, NULL),
(116, 'AR251101134', 5, 4, '2025-11-22 08:17:00.000000', '2025-11-22 10:41:00.000000', 144, 'B737', 160, 286.84, NULL, NULL),
(117, 'AR251102592', 5, 3, '2025-11-22 10:32:00.000000', '2025-11-22 16:29:00.000000', 357, 'B737', 160, 347.51, NULL, NULL),
(118, 'AR251103785', 5, 1, '2025-11-22 12:41:00.000000', '2025-11-22 16:01:00.000000', 200, 'B737', 160, 254.41, NULL, NULL),
(119, 'AR251104424', 1, 4, '2025-11-22 14:12:00.000000', '2025-11-22 17:33:00.000000', 201, 'A321', 220, 404.53, NULL, NULL),
(120, 'AR251105765', 4, 2, '2025-11-22 16:48:00.000000', '2025-11-22 21:56:00.000000', 308, 'B787', 300, 460.09, NULL, NULL),
(121, 'AR251106700', 4, 5, '2025-11-22 18:40:00.000000', '2025-11-22 23:08:00.000000', 268, 'A320', 180, 149.62, NULL, NULL),
(122, 'AR251107271', 5, 3, '2025-11-22 20:12:00.000000', '2025-11-23 01:27:00.000000', 315, 'A320', 180, 120.31, NULL, NULL),
(123, 'AR251100311', 5, 4, '2025-11-23 06:45:00.000000', '2025-11-23 12:31:00.000000', 346, 'B737', 160, 209.59, NULL, NULL),
(124, 'AR251101692', 4, 5, '2025-11-23 08:08:00.000000', '2025-11-23 09:40:00.000000', 92, 'A320', 180, 78.92, NULL, NULL),
(125, 'AR251102609', 5, 1, '2025-11-23 10:36:00.000000', '2025-11-23 13:21:00.000000', 165, 'B737', 160, 189.48, NULL, NULL),
(126, 'AR251103249', 4, 3, '2025-11-23 12:13:00.000000', '2025-11-23 16:22:00.000000', 249, 'A321', 220, 369.48, NULL, NULL),
(127, 'AR251104443', 2, 3, '2025-11-23 14:37:00.000000', '2025-11-23 18:34:00.000000', 237, 'B737', 160, 250.86, NULL, NULL),
(128, 'AR251105486', 5, 1, '2025-11-23 16:50:00.000000', '2025-11-23 19:57:00.000000', 187, 'A321', 220, 291.20, NULL, NULL),
(129, 'AR251106659', 3, 1, '2025-11-23 18:29:00.000000', '2025-11-23 19:36:00.000000', 67, 'A320', 180, 264.40, NULL, NULL),
(130, 'AR251107679', 4, 5, '2025-11-23 20:09:00.000000', '2025-11-24 00:37:00.000000', 268, 'A320', 180, 479.16, NULL, NULL),
(131, 'AR251100413', 4, 2, '2025-11-24 06:36:00.000000', '2025-11-24 10:42:00.000000', 246, 'A321', 220, 396.78, NULL, NULL),
(132, 'AR251101350', 2, 1, '2025-11-24 08:21:00.000000', '2025-11-24 12:26:00.000000', 245, 'A320', 180, 246.27, NULL, NULL),
(133, 'AR251102219', 3, 1, '2025-11-24 10:29:00.000000', '2025-11-24 14:04:00.000000', 215, 'B787', 300, 497.25, NULL, NULL),
(134, 'AR251103513', 1, 5, '2025-11-24 12:55:00.000000', '2025-11-24 15:25:00.000000', 150, 'A320', 180, 85.42, NULL, NULL),
(135, 'AR251104414', 5, 2, '2025-11-24 14:40:00.000000', '2025-11-24 17:48:00.000000', 188, 'A320', 180, 423.03, NULL, NULL),
(136, 'AR251105631', 3, 4, '2025-11-24 16:03:00.000000', '2025-11-24 18:30:00.000000', 147, 'B737', 160, 241.68, NULL, NULL),
(137, 'AR251106273', 2, 4, '2025-11-24 18:51:00.000000', '2025-11-24 23:58:00.000000', 307, 'B787', 300, 456.30, NULL, NULL),
(138, 'AR251107916', 2, 4, '2025-11-24 20:55:00.000000', '2025-11-24 22:24:00.000000', 89, 'A321', 220, 395.62, NULL, NULL),
(139, 'AR251100951', 5, 1, '2025-11-25 06:38:00.000000', '2025-11-25 12:36:00.000000', 358, 'B737', 160, 170.93, NULL, NULL),
(140, 'AR251101216', 1, 2, '2025-11-25 08:46:00.000000', '2025-11-25 14:41:00.000000', 355, 'A320', 180, 125.48, NULL, NULL),
(141, 'AR251102629', 1, 3, '2025-11-25 10:31:00.000000', '2025-11-25 15:17:00.000000', 286, 'B737', 160, 490.36, NULL, NULL),
(142, 'AR251103100', 5, 4, '2025-11-25 12:17:00.000000', '2025-11-25 18:06:00.000000', 349, 'A320', 180, 240.21, NULL, NULL),
(143, 'AR251104917', 4, 3, '2025-11-25 14:48:00.000000', '2025-11-25 20:35:00.000000', 347, 'A320', 180, 85.12, NULL, NULL),
(144, 'AR251105496', 1, 5, '2025-11-25 16:39:00.000000', '2025-11-25 20:58:00.000000', 259, 'A320', 180, 279.31, NULL, NULL),
(145, 'AR251106930', 3, 2, '2025-11-25 18:50:00.000000', '2025-11-26 00:20:00.000000', 330, 'A321', 220, 417.71, NULL, NULL),
(146, 'AR251107429', 4, 2, '2025-11-25 20:21:00.000000', '2025-11-26 01:14:00.000000', 293, 'A320', 180, 77.44, NULL, NULL),
(147, 'AR251100741', 4, 1, '2025-11-26 06:17:00.000000', '2025-11-26 07:48:00.000000', 91, 'A320', 180, 165.82, NULL, NULL),
(148, 'AR251101552', 2, 5, '2025-11-26 08:20:00.000000', '2025-11-26 09:58:00.000000', 98, 'B787', 300, 484.48, NULL, NULL),
(149, 'AR251102231', 2, 5, '2025-11-26 10:31:00.000000', '2025-11-26 13:35:00.000000', 184, 'B737', 160, 145.60, NULL, NULL),
(150, 'AR251103584', 1, 5, '2025-11-26 12:05:00.000000', '2025-11-26 16:03:00.000000', 238, 'B737', 160, 362.02, NULL, NULL),
(151, 'AR251104101', 5, 4, '2025-11-26 14:13:00.000000', '2025-11-26 17:50:00.000000', 217, 'A321', 220, 118.03, NULL, NULL),
(152, 'AR251105531', 2, 3, '2025-11-26 16:24:00.000000', '2025-11-26 20:21:00.000000', 237, 'A321', 220, 481.77, NULL, NULL),
(153, 'AR251106841', 5, 2, '2025-11-26 18:48:00.000000', '2025-11-27 00:34:00.000000', 346, 'B737', 160, 87.51, NULL, NULL),
(154, 'AR251107144', 1, 4, '2025-11-26 20:47:00.000000', '2025-11-27 02:31:00.000000', 344, 'A321', 220, 393.89, NULL, NULL),
(155, 'AR251100968', 1, 3, '2025-11-27 06:22:00.000000', '2025-11-27 09:14:00.000000', 172, 'B787', 300, 295.66, NULL, NULL),
(156, 'AR251101698', 3, 2, '2025-11-27 08:42:00.000000', '2025-11-27 14:08:00.000000', 326, 'B737', 160, 283.45, NULL, NULL),
(157, 'AR251102573', 4, 2, '2025-11-27 10:13:00.000000', '2025-11-27 12:08:00.000000', 115, 'B787', 300, 396.81, NULL, NULL),
(158, 'AR251103264', 2, 5, '2025-11-27 12:33:00.000000', '2025-11-27 18:30:00.000000', 357, 'A321', 220, 358.63, NULL, NULL),
(159, 'AR251104508', 5, 4, '2025-11-27 14:23:00.000000', '2025-11-27 15:25:00.000000', 62, 'B737', 160, 150.95, NULL, NULL),
(160, 'AR251105942', 4, 2, '2025-11-27 16:36:00.000000', '2025-11-27 20:46:00.000000', 250, 'A321', 220, 361.03, NULL, NULL),
(161, 'AR251106764', 2, 5, '2025-11-27 18:50:00.000000', '2025-11-27 22:41:00.000000', 231, 'A321', 220, 71.91, NULL, NULL),
(162, 'AR251107871', 2, 5, '2025-11-27 20:00:00.000000', '2025-11-28 00:50:00.000000', 290, 'B787', 300, 363.30, NULL, NULL),
(163, 'AR251100550', 2, 4, '2025-11-28 06:26:00.000000', '2025-11-28 10:16:00.000000', 230, 'A321', 220, 395.97, NULL, NULL),
(164, 'AR251101323', 1, 5, '2025-11-28 08:41:00.000000', '2025-11-28 13:59:00.000000', 318, 'B737', 160, 96.22, NULL, NULL),
(165, 'AR251102881', 3, 1, '2025-11-28 10:16:00.000000', '2025-11-28 14:59:00.000000', 283, 'B737', 160, 61.15, NULL, NULL),
(166, 'AR251103959', 4, 3, '2025-11-28 12:09:00.000000', '2025-11-28 17:27:00.000000', 318, 'B737', 160, 270.57, NULL, NULL),
(167, 'AR251104697', 4, 1, '2025-11-28 14:56:00.000000', '2025-11-28 20:09:00.000000', 313, 'A320', 180, 378.06, NULL, NULL),
(168, 'AR251105141', 1, 5, '2025-11-28 16:10:00.000000', '2025-11-28 19:14:00.000000', 184, 'B737', 160, 75.04, NULL, NULL),
(169, 'AR251106953', 2, 5, '2025-11-28 18:30:00.000000', '2025-11-28 22:23:00.000000', 233, 'B737', 160, 482.99, NULL, NULL),
(170, 'AR251107923', 4, 1, '2025-11-28 20:13:00.000000', '2025-11-28 22:11:00.000000', 118, 'A320', 180, 227.52, NULL, NULL),
(171, 'AR251100209', 1, 2, '2025-11-29 06:06:00.000000', '2025-11-29 09:31:00.000000', 205, 'A321', 220, 442.52, NULL, NULL),
(172, 'AR251101904', 1, 2, '2025-11-29 08:00:00.000000', '2025-11-29 12:03:00.000000', 243, 'B737', 160, 486.56, NULL, NULL),
(173, 'AR251102599', 3, 4, '2025-11-29 10:11:00.000000', '2025-11-29 15:41:00.000000', 330, 'A321', 220, 95.50, NULL, NULL),
(174, 'AR251103718', 5, 1, '2025-11-29 12:05:00.000000', '2025-11-29 15:40:00.000000', 215, 'A321', 220, 382.89, NULL, NULL),
(175, 'AR251104609', 2, 1, '2025-11-29 14:43:00.000000', '2025-11-29 15:43:00.000000', 60, 'B737', 160, 131.88, NULL, NULL),
(176, 'AR251105929', 2, 3, '2025-11-29 16:46:00.000000', '2025-11-29 22:06:00.000000', 320, 'A321', 220, 297.37, NULL, NULL),
(177, 'AR251106637', 5, 1, '2025-11-29 18:08:00.000000', '2025-11-29 20:04:00.000000', 116, 'B737', 160, 447.47, NULL, NULL),
(178, 'AR251107870', 4, 5, '2025-11-29 20:26:00.000000', '2025-11-30 02:02:00.000000', 336, 'A320', 180, 295.39, NULL, NULL),
(179, 'AR251100677', 2, 4, '2025-11-30 06:01:00.000000', '2025-11-30 10:51:00.000000', 290, 'A320', 180, 237.89, NULL, NULL),
(180, 'AR251101164', 5, 3, '2025-11-30 08:14:00.000000', '2025-11-30 13:17:00.000000', 303, 'A321', 220, 190.37, NULL, NULL),
(182, 'AR251103675', 2, 4, '2025-11-30 12:51:00.000000', '2025-11-30 16:41:00.000000', 230, 'A321', 220, 223.14, NULL, NULL),
(183, 'AR251104328', 3, 1, '2025-11-30 14:24:00.000000', '2025-11-30 15:38:00.000000', 74, 'B737', 160, 381.45, NULL, NULL),
(184, 'AR251105415', 5, 2, '2025-11-30 16:37:00.000000', '2025-11-30 19:51:00.000000', 194, 'A320', 180, 209.92, NULL, NULL),
(185, 'AR251106623', 5, 4, '2025-11-30 18:18:00.000000', '2025-11-30 20:27:00.000000', 129, 'A320', 180, 177.07, NULL, NULL),
(186, 'AR251107706', 3, 1, '2025-11-30 20:21:00.000000', '2025-12-01 00:53:00.000000', 272, 'A320', 180, 348.84, NULL, NULL),
(187, 'AR251200871', 5, 4, '2025-12-01 06:57:00.000000', '2025-12-01 11:57:00.000000', 300, 'A321', 220, 234.10, NULL, NULL),
(188, 'AR251201189', 2, 3, '2025-12-01 08:41:00.000000', '2025-12-01 10:01:00.000000', 80, 'B737', 160, 332.88, NULL, NULL),
(189, 'AR251202209', 4, 2, '2025-12-01 10:33:00.000000', '2025-12-01 15:12:00.000000', 279, 'B737', 160, 346.77, NULL, NULL),
(190, 'AR251203828', 1, 5, '2025-12-01 12:42:00.000000', '2025-12-01 14:54:00.000000', 132, 'A321', 220, 315.01, NULL, NULL),
(191, 'AR251204170', 5, 3, '2025-12-01 14:51:00.000000', '2025-12-01 20:06:00.000000', 315, 'A320', 180, 129.82, NULL, NULL),
(192, 'AR251205776', 1, 5, '2025-12-01 16:15:00.000000', '2025-12-01 19:17:00.000000', 182, 'A320', 180, 495.19, NULL, NULL),
(193, 'AR251206699', 4, 2, '2025-12-01 18:26:00.000000', '2025-12-01 22:51:00.000000', 265, 'A320', 180, 66.96, NULL, NULL),
(194, 'AR251207334', 4, 2, '2025-12-01 20:40:00.000000', '2025-12-01 23:52:00.000000', 192, 'A321', 220, 361.97, NULL, NULL),
(195, 'AR251200880', 2, 3, '2025-12-02 06:53:00.000000', '2025-12-02 09:45:00.000000', 172, 'B787', 300, 266.86, NULL, NULL),
(196, 'AR251201294', 3, 5, '2025-12-02 08:26:00.000000', '2025-12-02 11:00:00.000000', 154, 'A321', 220, 93.63, NULL, NULL),
(197, 'AR251202439', 5, 3, '2025-12-02 10:28:00.000000', '2025-12-02 11:57:00.000000', 89, 'B787', 300, 184.29, NULL, NULL),
(198, 'AR251203528', 5, 2, '2025-12-02 12:40:00.000000', '2025-12-02 16:11:00.000000', 211, 'A321', 220, 226.26, NULL, NULL),
(199, 'AR251204359', 4, 1, '2025-12-02 14:32:00.000000', '2025-12-02 17:40:00.000000', 188, 'B787', 300, 226.07, NULL, NULL),
(200, 'AR251205377', 2, 3, '2025-12-02 16:39:00.000000', '2025-12-02 22:18:00.000000', 339, 'A321', 220, 332.43, NULL, NULL),
(201, 'AR251206316', 3, 1, '2025-12-02 18:58:00.000000', '2025-12-02 20:24:00.000000', 86, 'A321', 220, 361.25, NULL, NULL),
(202, 'AR251207498', 5, 3, '2025-12-02 20:50:00.000000', '2025-12-02 21:52:00.000000', 62, 'B787', 300, 466.97, NULL, NULL),
(203, 'AR251200566', 2, 3, '2025-12-03 06:38:00.000000', '2025-12-03 09:11:00.000000', 153, 'B737', 160, 189.96, NULL, NULL),
(204, 'AR251201431', 2, 5, '2025-12-03 08:10:00.000000', '2025-12-03 11:10:00.000000', 180, 'A321', 220, 160.37, NULL, NULL),
(205, 'AR251202887', 4, 2, '2025-12-03 10:07:00.000000', '2025-12-03 13:07:00.000000', 180, 'B787', 300, 450.71, NULL, NULL),
(206, 'AR251203148', 1, 3, '2025-12-03 12:37:00.000000', '2025-12-03 13:59:00.000000', 82, 'A321', 220, 394.16, NULL, NULL),
(207, 'AR251204209', 1, 3, '2025-12-03 14:34:00.000000', '2025-12-03 16:25:00.000000', 111, 'A320', 180, 455.71, NULL, NULL),
(208, 'AR251205159', 1, 4, '2025-12-03 16:24:00.000000', '2025-12-03 19:19:00.000000', 175, 'B737', 160, 210.98, NULL, NULL),
(209, 'AR251206917', 5, 2, '2025-12-03 18:40:00.000000', '2025-12-03 23:06:00.000000', 266, 'A320', 180, 328.82, NULL, NULL),
(210, 'AR251207513', 4, 3, '2025-12-03 20:27:00.000000', '2025-12-04 01:43:00.000000', 316, 'A321', 220, 128.81, NULL, NULL),
(211, 'AR251200300', 2, 1, '2025-12-04 06:21:00.000000', '2025-12-04 10:19:00.000000', 238, 'A321', 220, 324.92, NULL, NULL),
(212, 'AR251201649', 4, 1, '2025-12-04 08:05:00.000000', '2025-12-04 09:39:00.000000', 94, 'A320', 180, 301.91, NULL, NULL),
(213, 'AR251202860', 3, 4, '2025-12-04 10:10:00.000000', '2025-12-04 11:44:00.000000', 94, 'B787', 300, 320.31, NULL, NULL),
(214, 'AR251203389', 1, 5, '2025-12-04 12:21:00.000000', '2025-12-04 15:29:00.000000', 188, 'A320', 180, 325.40, NULL, NULL),
(215, 'AR251204679', 2, 3, '2025-12-04 14:53:00.000000', '2025-12-04 16:30:00.000000', 97, 'B737', 160, 394.24, NULL, NULL),
(216, 'AR251205624', 3, 4, '2025-12-04 16:05:00.000000', '2025-12-04 18:42:00.000000', 157, 'A321', 220, 157.44, NULL, NULL),
(217, 'AR251206849', 2, 4, '2025-12-04 18:18:00.000000', '2025-12-04 23:26:00.000000', 308, 'A320', 180, 265.66, NULL, NULL),
(218, 'AR251207520', 3, 5, '2025-12-04 20:24:00.000000', '2025-12-05 00:57:00.000000', 273, 'A321', 220, 355.78, NULL, NULL),
(219, 'AR251200713', 4, 5, '2025-12-05 06:55:00.000000', '2025-12-05 08:52:00.000000', 117, 'A321', 220, 171.27, NULL, NULL),
(220, 'AR251201320', 2, 3, '2025-12-05 08:09:00.000000', '2025-12-05 09:55:00.000000', 106, 'B737', 160, 340.31, NULL, NULL),
(221, 'AR251202154', 4, 5, '2025-12-05 10:45:00.000000', '2025-12-05 16:10:00.000000', 325, 'A321', 220, 81.78, NULL, NULL),
(222, 'AR251203702', 1, 4, '2025-12-05 12:38:00.000000', '2025-12-05 16:58:00.000000', 260, 'A320', 180, 305.71, NULL, NULL),
(223, 'AR251204269', 2, 1, '2025-12-05 14:29:00.000000', '2025-12-05 19:02:00.000000', 273, 'A320', 180, 50.43, NULL, NULL),
(224, 'AR251205702', 1, 2, '2025-12-05 16:43:00.000000', '2025-12-05 18:08:00.000000', 85, 'A321', 220, 130.69, NULL, NULL),
(225, 'AR251206426', 1, 2, '2025-12-05 18:37:00.000000', '2025-12-05 23:13:00.000000', 276, 'B787', 300, 412.62, NULL, NULL),
(226, 'AR251207291', 1, 3, '2025-12-05 20:54:00.000000', '2025-12-05 22:01:00.000000', 67, 'A320', 180, 299.68, NULL, NULL),
(227, 'AR251200748', 1, 4, '2025-12-06 06:46:00.000000', '2025-12-06 10:54:00.000000', 248, 'A321', 220, 380.06, NULL, NULL),
(228, 'AR251201117', 3, 4, '2025-12-06 08:47:00.000000', '2025-12-06 10:14:00.000000', 87, 'B737', 160, 215.32, NULL, NULL),
(229, 'AR251202130', 1, 4, '2025-12-06 10:40:00.000000', '2025-12-06 12:09:00.000000', 89, 'A321', 220, 61.21, NULL, NULL),
(230, 'AR251203436', 1, 3, '2025-12-06 12:24:00.000000', '2025-12-06 15:38:00.000000', 194, 'A321', 220, 102.31, NULL, NULL),
(231, 'AR251204869', 5, 2, '2025-12-06 14:53:00.000000', '2025-12-06 18:41:00.000000', 228, 'A320', 180, 280.05, NULL, NULL),
(232, 'AR251205939', 1, 2, '2025-12-06 16:29:00.000000', '2025-12-06 21:41:00.000000', 312, 'B787', 300, 212.55, NULL, NULL),
(233, 'AR251206165', 5, 1, '2025-12-06 18:58:00.000000', '2025-12-07 00:43:00.000000', 345, 'B787', 300, 105.67, NULL, NULL),
(234, 'AR251207439', 1, 2, '2025-12-06 20:43:00.000000', '2025-12-07 00:55:00.000000', 252, 'A320', 180, 336.69, NULL, NULL),
(235, 'AR251200616', 4, 2, '2025-12-07 06:57:00.000000', '2025-12-07 09:04:00.000000', 127, 'B787', 300, 86.33, NULL, NULL),
(236, 'AR251201528', 4, 3, '2025-12-07 08:04:00.000000', '2025-12-07 11:46:00.000000', 222, 'B787', 300, 57.93, NULL, NULL),
(237, 'AR251202357', 5, 4, '2025-12-07 10:25:00.000000', '2025-12-07 11:41:00.000000', 76, 'B787', 300, 76.98, NULL, NULL),
(238, 'AR251203354', 3, 5, '2025-12-07 12:49:00.000000', '2025-12-07 15:16:00.000000', 147, 'A321', 220, 82.15, NULL, NULL),
(239, 'AR251204995', 2, 5, '2025-12-07 14:37:00.000000', '2025-12-07 18:56:00.000000', 259, 'A321', 220, 388.65, NULL, NULL),
(240, 'AR251205956', 2, 5, '2025-12-07 16:08:00.000000', '2025-12-07 19:34:00.000000', 206, 'A321', 220, 401.15, NULL, NULL),
(241, 'AR251206392', 1, 5, '2025-12-07 18:10:00.000000', '2025-12-07 22:22:00.000000', 252, 'B787', 300, 291.62, NULL, NULL),
(242, 'AR251207748', 2, 4, '2025-12-07 20:36:00.000000', '2025-12-08 02:34:00.000000', 358, 'A320', 180, 403.50, NULL, NULL),
(243, 'AR251200673', 3, 4, '2025-12-08 06:42:00.000000', '2025-12-08 11:06:00.000000', 264, 'A321', 220, 369.89, NULL, NULL),
(244, 'AR251201342', 3, 5, '2025-12-08 08:34:00.000000', '2025-12-08 11:39:00.000000', 185, 'B787', 300, 165.60, NULL, NULL),
(245, 'AR251202824', 5, 4, '2025-12-08 10:25:00.000000', '2025-12-08 14:57:00.000000', 272, 'B737', 160, 377.35, NULL, NULL),
(246, 'AR251203523', 3, 4, '2025-12-08 12:00:00.000000', '2025-12-08 13:56:00.000000', 116, 'A320', 180, 68.60, NULL, NULL),
(247, 'AR251204284', 5, 4, '2025-12-08 14:40:00.000000', '2025-12-08 15:47:00.000000', 67, 'A321', 220, 314.37, NULL, NULL),
(248, 'AR251205250', 5, 2, '2025-12-08 16:43:00.000000', '2025-12-08 19:44:00.000000', 181, 'A320', 180, 305.27, NULL, NULL),
(249, 'AR251206815', 3, 2, '2025-12-08 18:34:00.000000', '2025-12-08 23:50:00.000000', 316, 'A321', 220, 334.35, NULL, NULL),
(250, 'AR251207506', 4, 2, '2025-12-08 20:08:00.000000', '2025-12-08 21:59:00.000000', 111, 'A321', 220, 193.19, NULL, NULL),
(251, 'AR251200635', 5, 3, '2025-12-09 06:08:00.000000', '2025-12-09 11:21:00.000000', 313, 'A320', 180, 92.85, NULL, NULL),
(252, 'AR251201419', 3, 2, '2025-12-09 08:28:00.000000', '2025-12-09 11:40:00.000000', 192, 'B737', 160, 239.84, NULL, NULL),
(253, 'AR251202366', 2, 4, '2025-12-09 10:35:00.000000', '2025-12-09 12:32:00.000000', 117, 'A321', 220, 380.53, NULL, NULL),
(254, 'AR251203869', 5, 3, '2025-12-09 12:42:00.000000', '2025-12-09 18:10:00.000000', 328, 'A321', 220, 349.27, NULL, NULL),
(255, 'AR251204578', 4, 5, '2025-12-09 14:40:00.000000', '2025-12-09 20:38:00.000000', 358, 'A321', 220, 452.73, NULL, NULL),
(256, 'AR251205415', 4, 5, '2025-12-09 16:23:00.000000', '2025-12-09 20:19:00.000000', 236, 'A320', 180, 290.44, NULL, NULL),
(257, 'AR251206837', 4, 3, '2025-12-09 18:50:00.000000', '2025-12-09 22:01:00.000000', 191, 'A320', 180, 432.25, NULL, NULL),
(258, 'AR251207269', 1, 2, '2025-12-09 20:58:00.000000', '2025-12-10 00:07:00.000000', 189, 'B787', 300, 389.04, NULL, NULL),
(259, 'AR251200180', 1, 2, '2025-12-10 06:38:00.000000', '2025-12-10 11:52:00.000000', 314, 'A321', 220, 459.32, NULL, NULL),
(260, 'AR251201927', 4, 5, '2025-12-10 08:01:00.000000', '2025-12-10 09:54:00.000000', 113, 'B787', 300, 199.10, NULL, NULL),
(261, 'AR251202946', 1, 4, '2025-12-10 10:49:00.000000', '2025-12-10 14:47:00.000000', 238, 'A320', 180, 60.82, NULL, NULL),
(262, 'AR251203637', 2, 1, '2025-12-10 12:30:00.000000', '2025-12-10 14:57:00.000000', 147, 'B737', 160, 257.14, NULL, NULL),
(263, 'AR251204311', 5, 3, '2025-12-10 14:37:00.000000', '2025-12-10 18:08:00.000000', 211, 'B787', 300, 380.32, NULL, NULL),
(264, 'AR251205608', 2, 1, '2025-12-10 16:11:00.000000', '2025-12-10 17:15:00.000000', 64, 'A320', 180, 327.27, NULL, NULL),
(265, 'AR251206890', 1, 2, '2025-12-10 18:31:00.000000', '2025-12-11 00:06:00.000000', 335, 'B787', 300, 411.03, NULL, NULL),
(266, 'AR251207143', 3, 2, '2025-12-10 20:27:00.000000', '2025-12-11 00:44:00.000000', 257, 'B737', 160, 262.47, NULL, NULL),
(267, 'AR251200182', 4, 1, '2025-12-11 06:43:00.000000', '2025-12-11 12:41:00.000000', 358, 'A321', 220, 109.02, NULL, NULL),
(268, 'AR251201384', 4, 1, '2025-12-11 08:36:00.000000', '2025-12-11 09:45:00.000000', 69, 'A321', 220, 436.31, NULL, NULL),
(269, 'AR251202160', 1, 4, '2025-12-11 10:27:00.000000', '2025-12-11 12:27:00.000000', 120, 'B737', 160, 221.15, NULL, NULL),
(270, 'AR251203127', 2, 3, '2025-12-11 12:50:00.000000', '2025-12-11 14:16:00.000000', 86, 'A320', 180, 73.90, NULL, NULL),
(271, 'AR251204803', 3, 5, '2025-12-11 14:53:00.000000', '2025-12-11 15:55:00.000000', 62, 'A321', 220, 261.35, NULL, NULL),
(272, 'AR251205519', 2, 1, '2025-12-11 16:27:00.000000', '2025-12-11 19:47:00.000000', 200, 'B787', 300, 211.43, NULL, NULL),
(273, 'AR251206867', 1, 3, '2025-12-11 18:06:00.000000', '2025-12-11 20:57:00.000000', 171, 'B787', 300, 363.95, NULL, NULL),
(274, 'AR251207214', 5, 4, '2025-12-11 20:45:00.000000', '2025-12-12 00:29:00.000000', 224, 'A320', 180, 260.19, NULL, NULL),
(275, 'AR251200534', 2, 4, '2025-12-12 06:01:00.000000', '2025-12-12 07:47:00.000000', 106, 'A320', 180, 414.74, NULL, NULL),
(276, 'AR251201116', 4, 5, '2025-12-12 08:56:00.000000', '2025-12-12 14:36:00.000000', 340, 'B737', 160, 466.31, NULL, NULL),
(277, 'AR251202275', 1, 3, '2025-12-12 10:06:00.000000', '2025-12-12 13:19:00.000000', 193, 'B787', 300, 278.66, NULL, NULL),
(278, 'AR251203995', 5, 1, '2025-12-12 12:43:00.000000', '2025-12-12 14:22:00.000000', 99, 'A321', 220, 288.37, NULL, NULL),
(279, 'AR251204624', 1, 3, '2025-12-12 14:27:00.000000', '2025-12-12 15:35:00.000000', 68, 'A321', 220, 276.05, NULL, NULL),
(280, 'AR251205973', 4, 2, '2025-12-12 16:50:00.000000', '2025-12-12 22:43:00.000000', 353, 'A321', 220, 58.04, NULL, NULL),
(281, 'AR251206958', 1, 5, '2025-12-12 18:58:00.000000', '2025-12-13 00:29:00.000000', 331, 'B737', 160, 419.99, NULL, NULL),
(282, 'AR251207299', 5, 4, '2025-12-12 20:30:00.000000', '2025-12-13 00:34:00.000000', 244, 'A321', 220, 425.13, NULL, NULL),
(283, 'AR251200885', 5, 3, '2025-12-13 06:12:00.000000', '2025-12-13 10:29:00.000000', 257, 'B787', 300, 77.93, NULL, NULL),
(284, 'AR251201176', 4, 5, '2025-12-13 08:55:00.000000', '2025-12-13 11:21:00.000000', 146, 'B737', 160, 496.77, NULL, NULL),
(285, 'AR251202502', 5, 4, '2025-12-13 10:02:00.000000', '2025-12-13 12:03:00.000000', 121, 'B787', 300, 339.79, NULL, NULL),
(286, 'AR251203353', 1, 3, '2025-12-13 12:43:00.000000', '2025-12-13 15:49:00.000000', 186, 'B737', 160, 145.76, NULL, NULL),
(287, 'AR251204931', 4, 5, '2025-12-13 14:53:00.000000', '2025-12-13 20:50:00.000000', 357, 'B787', 300, 484.99, NULL, NULL),
(288, 'AR251205698', 3, 2, '2025-12-13 16:12:00.000000', '2025-12-13 20:24:00.000000', 252, 'B737', 160, 439.16, NULL, NULL),
(289, 'AR251206828', 2, 1, '2025-12-13 18:02:00.000000', '2025-12-13 22:42:00.000000', 280, 'B787', 300, 498.27, NULL, NULL),
(290, 'AR251207245', 3, 2, '2025-12-13 20:58:00.000000', '2025-12-14 00:26:00.000000', 208, 'A321', 220, 349.44, NULL, NULL),
(291, 'AR251200781', 1, 5, '2025-12-14 06:10:00.000000', '2025-12-14 08:14:00.000000', 124, 'A321', 220, 380.82, NULL, NULL),
(292, 'AR251201234', 2, 3, '2025-12-14 08:43:00.000000', '2025-12-14 14:42:00.000000', 359, 'A320', 180, 475.46, NULL, NULL),
(293, 'AR251202260', 1, 4, '2025-12-14 10:19:00.000000', '2025-12-14 13:01:00.000000', 162, 'B737', 160, 427.42, NULL, NULL),
(294, 'AR251203155', 5, 2, '2025-12-14 12:29:00.000000', '2025-12-14 16:58:00.000000', 269, 'A320', 180, 231.78, NULL, NULL),
(295, 'AR251204634', 1, 3, '2025-12-14 14:54:00.000000', '2025-12-14 18:59:00.000000', 245, 'A321', 220, 236.07, NULL, NULL),
(296, 'AR251205745', 3, 2, '2025-12-14 16:33:00.000000', '2025-12-14 20:32:00.000000', 239, 'B737', 160, 334.93, NULL, NULL),
(297, 'AR251206227', 1, 5, '2025-12-14 18:09:00.000000', '2025-12-14 23:55:00.000000', 346, 'A320', 180, 342.58, NULL, NULL),
(298, 'AR251207132', 5, 3, '2025-12-14 20:29:00.000000', '2025-12-14 21:37:00.000000', 68, 'B737', 160, 409.85, NULL, NULL),
(299, 'AR251200105', 4, 1, '2025-12-15 06:20:00.000000', '2025-12-15 11:36:00.000000', 316, 'A320', 180, 250.63, NULL, NULL),
(300, 'AR251201824', 4, 1, '2025-12-15 08:55:00.000000', '2025-12-15 11:47:00.000000', 172, 'B787', 300, 64.43, NULL, NULL),
(301, 'AR251202979', 3, 4, '2025-12-15 10:41:00.000000', '2025-12-15 14:18:00.000000', 217, 'A320', 180, 373.14, NULL, NULL),
(302, 'AR251203987', 4, 5, '2025-12-15 12:30:00.000000', '2025-12-15 18:25:00.000000', 355, 'B737', 160, 483.55, NULL, NULL),
(303, 'AR251204230', 5, 2, '2025-12-15 14:13:00.000000', '2025-12-15 15:22:00.000000', 69, 'A321', 220, 95.35, NULL, NULL),
(304, 'AR251205937', 5, 2, '2025-12-15 16:35:00.000000', '2025-12-15 17:46:00.000000', 71, 'A320', 180, 324.18, NULL, NULL),
(305, 'AR251206674', 5, 4, '2025-12-15 18:20:00.000000', '2025-12-15 20:00:00.000000', 100, 'A320', 180, 392.72, NULL, NULL),
(306, 'AR251207623', 5, 2, '2025-12-15 20:08:00.000000', '2025-12-15 23:13:00.000000', 185, 'A321', 220, 158.52, NULL, NULL),
(307, 'AR251200580', 3, 4, '2025-12-16 06:27:00.000000', '2025-12-16 10:16:00.000000', 229, 'B737', 160, 487.46, NULL, NULL),
(308, 'AR251201789', 1, 2, '2025-12-16 08:30:00.000000', '2025-12-16 09:55:00.000000', 85, 'B737', 160, 220.13, NULL, NULL),
(309, 'AR251202557', 3, 2, '2025-12-16 10:36:00.000000', '2025-12-16 12:24:00.000000', 108, 'B737', 160, 457.37, NULL, NULL),
(310, 'AR251203511', 5, 3, '2025-12-16 12:10:00.000000', '2025-12-16 16:25:00.000000', 255, 'A321', 220, 286.92, NULL, NULL),
(311, 'AR251204611', 1, 3, '2025-12-16 14:38:00.000000', '2025-12-16 20:24:00.000000', 346, 'B787', 300, 114.04, NULL, NULL),
(312, 'AR251205223', 1, 2, '2025-12-16 16:11:00.000000', '2025-12-16 19:15:00.000000', 184, 'B737', 160, 159.91, NULL, NULL),
(313, 'AR251206553', 5, 4, '2025-12-16 18:49:00.000000', '2025-12-17 00:05:00.000000', 316, 'B787', 300, 157.97, NULL, NULL),
(314, 'AR251207859', 4, 1, '2025-12-16 20:39:00.000000', '2025-12-17 01:42:00.000000', 303, 'A321', 220, 70.41, NULL, NULL),
(315, 'AR251200908', 4, 2, '2025-12-17 06:40:00.000000', '2025-12-17 11:18:00.000000', 278, 'B787', 300, 452.81, NULL, NULL),
(316, 'AR251201645', 3, 1, '2025-12-17 08:21:00.000000', '2025-12-17 09:54:00.000000', 93, 'A320', 180, 325.89, NULL, NULL),
(317, 'AR251202334', 4, 2, '2025-12-17 10:33:00.000000', '2025-12-17 16:18:00.000000', 345, 'A320', 180, 221.74, NULL, NULL),
(318, 'AR251203615', 1, 3, '2025-12-17 12:05:00.000000', '2025-12-17 13:57:00.000000', 112, 'B737', 160, 213.52, NULL, NULL),
(319, 'AR251204761', 5, 4, '2025-12-17 14:29:00.000000', '2025-12-17 17:35:00.000000', 186, 'B787', 300, 390.79, NULL, NULL),
(320, 'AR251205839', 3, 2, '2025-12-17 16:23:00.000000', '2025-12-17 17:31:00.000000', 68, 'B737', 160, 151.34, NULL, NULL),
(321, 'AR251206689', 4, 5, '2025-12-17 18:57:00.000000', '2025-12-17 23:18:00.000000', 261, 'B787', 300, 213.40, NULL, NULL),
(322, 'AR251207274', 4, 3, '2025-12-17 20:13:00.000000', '2025-12-18 01:01:00.000000', 288, 'B787', 300, 310.08, NULL, NULL),
(323, 'AR251200727', 4, 2, '2025-12-18 06:59:00.000000', '2025-12-18 11:44:00.000000', 285, 'B787', 300, 357.64, NULL, NULL),
(325, 'AR251202885', 1, 5, '2025-12-18 10:11:00.000000', '2025-12-18 15:33:00.000000', 322, 'A321', 220, 195.80, NULL, NULL),
(326, 'AR251203270', 5, 2, '2025-12-18 12:59:00.000000', '2025-12-18 17:06:00.000000', 247, 'B737', 160, 248.56, NULL, NULL),
(327, 'AR251204812', 5, 3, '2025-12-18 14:07:00.000000', '2025-12-18 15:44:00.000000', 97, 'A320', 180, 460.48, NULL, NULL),
(328, 'AR251205703', 4, 1, '2025-12-18 16:15:00.000000', '2025-12-18 17:24:00.000000', 69, 'A321', 220, 418.97, NULL, NULL),
(329, 'AR251206543', 1, 2, '2025-12-18 18:07:00.000000', '2025-12-18 22:15:00.000000', 248, 'A321', 220, 264.06, NULL, NULL),
(330, 'AR251207648', 1, 5, '2025-12-18 20:08:00.000000', '2025-12-19 00:56:00.000000', 288, 'B787', 300, 231.72, NULL, NULL),
(331, 'AR251200423', 4, 3, '2025-12-19 06:47:00.000000', '2025-12-19 09:38:00.000000', 171, 'B737', 160, 211.61, NULL, NULL),
(332, 'AR251201732', 3, 1, '2025-12-19 08:40:00.000000', '2025-12-19 11:05:00.000000', 145, 'A320', 180, 74.48, NULL, NULL),
(333, 'AR251202194', 3, 1, '2025-12-19 10:42:00.000000', '2025-12-19 16:13:00.000000', 331, 'A321', 220, 242.57, NULL, NULL),
(334, 'AR251203222', 1, 3, '2025-12-19 12:30:00.000000', '2025-12-19 17:10:00.000000', 280, 'B737', 160, 421.88, NULL, NULL),
(335, 'AR251204273', 2, 1, '2025-12-19 14:29:00.000000', '2025-12-19 20:13:00.000000', 344, 'B787', 300, 233.42, NULL, NULL),
(336, 'AR251205496', 5, 1, '2025-12-19 16:58:00.000000', '2025-12-19 22:18:00.000000', 320, 'B737', 160, 136.48, NULL, NULL),
(337, 'AR251206657', 1, 4, '2025-12-19 18:50:00.000000', '2025-12-19 21:21:00.000000', 151, 'B787', 300, 434.71, NULL, NULL),
(338, 'AR251207767', 5, 4, '2025-12-19 20:41:00.000000', '2025-12-19 22:06:00.000000', 85, 'B737', 160, 343.41, NULL, NULL),
(339, 'AR251200938', 4, 3, '2025-12-20 06:30:00.000000', '2025-12-20 08:02:00.000000', 92, 'A321', 220, 159.44, NULL, NULL),
(340, 'AR251201568', 2, 4, '2025-12-20 08:29:00.000000', '2025-12-20 11:34:00.000000', 185, 'B737', 160, 215.40, NULL, NULL),
(341, 'AR251202159', 1, 2, '2025-12-20 10:31:00.000000', '2025-12-20 12:41:00.000000', 130, 'A321', 220, 299.66, NULL, NULL),
(342, 'AR251203962', 3, 4, '2025-12-20 12:13:00.000000', '2025-12-20 14:10:00.000000', 117, 'B737', 160, 251.89, NULL, NULL),
(343, 'AR251204191', 5, 2, '2025-12-20 14:04:00.000000', '2025-12-20 15:27:00.000000', 83, 'A321', 220, 276.81, NULL, NULL),
(344, 'AR251205153', 2, 3, '2025-12-20 16:12:00.000000', '2025-12-20 21:23:00.000000', 311, 'B737', 160, 212.01, NULL, NULL),
(345, 'AR251206561', 5, 3, '2025-12-20 18:19:00.000000', '2025-12-20 20:48:00.000000', 149, 'A320', 180, 254.20, NULL, NULL),
(346, 'AR251207563', 3, 1, '2025-12-20 20:57:00.000000', '2025-12-21 01:17:00.000000', 260, 'B787', 300, 453.36, NULL, NULL),
(347, 'AR251200357', 3, 1, '2025-12-21 06:27:00.000000', '2025-12-21 09:28:00.000000', 181, 'A320', 180, 337.94, NULL, NULL),
(348, 'AR251201452', 3, 4, '2025-12-21 08:07:00.000000', '2025-12-21 10:36:00.000000', 149, 'A321', 220, 271.14, NULL, NULL),
(349, 'AR251202796', 2, 4, '2025-12-21 10:37:00.000000', '2025-12-21 16:18:00.000000', 341, 'B787', 300, 384.70, NULL, NULL),
(350, 'AR251203688', 3, 4, '2025-12-21 12:47:00.000000', '2025-12-21 15:54:00.000000', 187, 'B787', 300, 144.37, NULL, NULL),
(351, 'AR251204412', 5, 4, '2025-12-21 14:01:00.000000', '2025-12-21 18:39:00.000000', 278, 'A320', 180, 390.27, NULL, NULL),
(352, 'AR251205694', 1, 2, '2025-12-21 16:01:00.000000', '2025-12-21 21:25:00.000000', 324, 'A321', 220, 371.69, NULL, NULL),
(353, 'AR251206792', 1, 4, '2025-12-21 18:02:00.000000', '2025-12-21 19:18:00.000000', 76, 'A321', 220, 85.45, NULL, NULL),
(354, 'AR251207230', 5, 2, '2025-12-21 20:59:00.000000', '2025-12-22 02:43:00.000000', 344, 'A321', 220, 236.17, NULL, NULL),
(355, 'AR251200351', 4, 3, '2025-12-22 06:40:00.000000', '2025-12-22 10:21:00.000000', 221, 'B787', 300, 408.51, NULL, NULL),
(356, 'AR251201303', 2, 5, '2025-12-22 08:57:00.000000', '2025-12-22 10:52:00.000000', 115, 'A320', 180, 133.70, NULL, NULL),
(357, 'AR251202371', 3, 2, '2025-12-22 10:25:00.000000', '2025-12-22 12:53:00.000000', 148, 'A321', 220, 435.78, NULL, NULL),
(358, 'AR251203790', 5, 1, '2025-12-22 12:46:00.000000', '2025-12-22 14:18:00.000000', 92, 'B787', 300, 126.41, NULL, NULL),
(359, 'AR251204652', 4, 3, '2025-12-22 14:00:00.000000', '2025-12-22 18:17:00.000000', 257, 'A320', 180, 398.28, NULL, NULL),
(360, 'AR251205765', 2, 1, '2025-12-22 16:54:00.000000', '2025-12-22 18:59:00.000000', 125, 'B787', 300, 229.54, NULL, NULL),
(361, 'AR251206291', 3, 5, '2025-12-22 18:04:00.000000', '2025-12-22 19:21:00.000000', 77, 'B787', 300, 220.98, NULL, NULL),
(362, 'AR251207736', 5, 1, '2025-12-22 20:16:00.000000', '2025-12-22 22:16:00.000000', 120, 'B737', 160, 350.58, NULL, NULL),
(363, 'AR251200265', 2, 3, '2025-12-23 06:24:00.000000', '2025-12-23 09:20:00.000000', 176, 'A320', 180, 463.30, NULL, NULL),
(364, 'AR251201504', 1, 5, '2025-12-23 08:59:00.000000', '2025-12-23 12:40:00.000000', 221, 'A321', 220, 352.30, NULL, NULL),
(366, 'AR251203842', 1, 4, '2025-12-23 12:55:00.000000', '2025-12-23 14:48:00.000000', 113, 'A320', 180, 126.38, NULL, NULL),
(367, 'AR251204153', 3, 5, '2025-12-23 14:49:00.000000', '2025-12-23 16:51:00.000000', 122, 'B787', 300, 253.91, NULL, NULL),
(368, 'AR251205658', 3, 5, '2025-12-23 16:16:00.000000', '2025-12-23 21:55:00.000000', 339, 'A320', 180, 216.86, NULL, NULL),
(369, 'AR251206765', 2, 4, '2025-12-23 18:07:00.000000', '2025-12-23 20:12:00.000000', 125, 'B737', 160, 443.77, NULL, NULL),
(370, 'AR251207156', 5, 4, '2025-12-23 20:59:00.000000', '2025-12-23 23:48:00.000000', 169, 'A320', 180, 104.08, NULL, NULL),
(371, 'AR251200584', 2, 1, '2025-12-24 06:46:00.000000', '2025-12-24 11:38:00.000000', 292, 'A321', 220, 195.64, NULL, NULL),
(372, 'AR251201307', 2, 3, '2025-12-24 08:54:00.000000', '2025-12-24 10:52:00.000000', 118, 'A320', 180, 376.56, NULL, NULL),
(373, 'AR251202352', 4, 3, '2025-12-24 10:59:00.000000', '2025-12-24 16:19:00.000000', 320, 'A321', 220, 410.09, NULL, NULL),
(374, 'AR251203160', 1, 5, '2025-12-24 12:30:00.000000', '2025-12-24 17:36:00.000000', 306, 'B737', 160, 235.45, NULL, NULL),
(375, 'AR251204226', 2, 5, '2025-12-24 14:34:00.000000', '2025-12-24 16:10:00.000000', 96, 'A321', 220, 201.28, NULL, NULL),
(376, 'AR251205156', 4, 2, '2025-12-24 16:56:00.000000', '2025-12-24 22:18:00.000000', 322, 'A321', 220, 239.99, NULL, NULL),
(377, 'AR251206581', 5, 2, '2025-12-24 18:16:00.000000', '2025-12-24 20:06:00.000000', 110, 'B737', 160, 453.88, NULL, NULL),
(378, 'AR251207142', 1, 2, '2025-12-24 20:48:00.000000', '2025-12-24 22:41:00.000000', 113, 'A321', 220, 325.77, NULL, NULL),
(379, 'AR251200380', 4, 3, '2025-12-25 06:38:00.000000', '2025-12-25 09:23:00.000000', 165, 'A320', 180, 478.65, NULL, NULL),
(380, 'AR251201608', 4, 5, '2025-12-25 08:33:00.000000', '2025-12-25 11:40:00.000000', 187, 'A321', 220, 219.55, NULL, NULL),
(381, 'AR251202585', 1, 4, '2025-12-25 10:34:00.000000', '2025-12-25 15:29:00.000000', 295, 'A320', 180, 274.13, NULL, NULL),
(382, 'AR251203674', 1, 3, '2025-12-25 12:37:00.000000', '2025-12-25 17:19:00.000000', 282, 'B787', 300, 341.38, NULL, NULL),
(383, 'AR251204752', 3, 4, '2025-12-25 14:59:00.000000', '2025-12-25 16:09:00.000000', 70, 'A321', 220, 419.04, NULL, NULL),
(384, 'AR251205597', 2, 1, '2025-12-25 16:59:00.000000', '2025-12-25 21:15:00.000000', 256, 'B737', 160, 274.91, NULL, NULL),
(385, 'AR251206182', 3, 5, '2025-12-25 18:14:00.000000', '2025-12-25 20:59:00.000000', 165, 'A321', 220, 262.39, NULL, NULL),
(386, 'AR251207960', 4, 3, '2025-12-25 20:36:00.000000', '2025-12-25 23:45:00.000000', 189, 'A320', 180, 389.44, NULL, NULL),
(387, 'AR251200605', 1, 2, '2025-12-26 06:14:00.000000', '2025-12-26 08:07:00.000000', 113, 'B787', 300, 259.98, NULL, NULL),
(388, 'AR251201227', 1, 2, '2025-12-26 08:24:00.000000', '2025-12-26 09:48:00.000000', 84, 'B737', 160, 76.78, NULL, NULL),
(389, 'AR251202807', 4, 3, '2025-12-26 10:29:00.000000', '2025-12-26 13:33:00.000000', 184, 'B737', 160, 184.81, NULL, NULL),
(390, 'AR251203948', 5, 2, '2025-12-26 12:48:00.000000', '2025-12-26 16:20:00.000000', 212, 'A321', 220, 489.07, NULL, NULL),
(391, 'AR251204769', 3, 4, '2025-12-26 14:24:00.000000', '2025-12-26 16:45:00.000000', 141, 'A321', 220, 207.23, NULL, NULL),
(392, 'AR251205171', 1, 4, '2025-12-26 16:18:00.000000', '2025-12-26 21:50:00.000000', 332, 'B737', 160, 232.38, NULL, NULL),
(393, 'AR251206620', 3, 4, '2025-12-26 18:38:00.000000', '2025-12-27 00:05:00.000000', 327, 'B737', 160, 253.20, NULL, NULL),
(394, 'AR251207210', 1, 4, '2025-12-26 20:12:00.000000', '2025-12-27 02:06:00.000000', 354, 'A320', 180, 209.88, NULL, NULL),
(395, 'AR251200135', 3, 4, '2025-12-27 06:58:00.000000', '2025-12-27 11:51:00.000000', 293, 'A320', 180, 165.16, NULL, NULL),
(396, 'AR251201780', 3, 2, '2025-12-27 08:44:00.000000', '2025-12-27 09:46:00.000000', 62, 'B737', 160, 231.50, NULL, NULL),
(397, 'AR251202233', 2, 4, '2025-12-27 10:01:00.000000', '2025-12-27 14:14:00.000000', 253, 'A320', 180, 162.62, NULL, NULL),
(398, 'AR251203177', 2, 5, '2025-12-27 12:17:00.000000', '2025-12-27 15:29:00.000000', 192, 'A320', 180, 475.85, NULL, NULL),
(399, 'AR251204650', 2, 4, '2025-12-27 14:33:00.000000', '2025-12-27 18:29:00.000000', 236, 'B737', 160, 396.45, NULL, NULL),
(400, 'AR251205747', 2, 3, '2025-12-27 16:18:00.000000', '2025-12-27 22:15:00.000000', 357, 'A321', 220, 495.46, NULL, NULL),
(401, 'AR251206841', 4, 3, '2025-12-27 18:24:00.000000', '2025-12-27 20:28:00.000000', 124, 'A321', 220, 257.79, NULL, NULL),
(402, 'AR251207445', 1, 3, '2025-12-27 20:45:00.000000', '2025-12-27 23:59:00.000000', 194, 'A320', 180, 141.57, NULL, NULL),
(403, 'AR251200579', 4, 2, '2025-12-28 06:07:00.000000', '2025-12-28 07:29:00.000000', 82, 'B787', 300, 167.63, NULL, NULL),
(404, 'AR251201911', 4, 2, '2025-12-28 08:46:00.000000', '2025-12-28 14:45:00.000000', 359, 'A321', 220, 202.53, NULL, NULL),
(405, 'AR251202661', 4, 3, '2025-12-28 10:10:00.000000', '2025-12-28 14:59:00.000000', 289, 'B737', 160, 448.68, NULL, NULL),
(406, 'AR251203643', 3, 2, '2025-12-28 12:18:00.000000', '2025-12-28 14:20:00.000000', 122, 'A321', 220, 135.36, NULL, NULL),
(407, 'AR251204964', 3, 2, '2025-12-28 14:41:00.000000', '2025-12-28 17:23:00.000000', 162, 'B787', 300, 88.42, NULL, NULL),
(408, 'AR251205668', 1, 4, '2025-12-28 16:06:00.000000', '2025-12-28 20:24:00.000000', 258, 'A321', 220, 483.32, NULL, NULL),
(409, 'AR251206369', 5, 4, '2025-12-28 18:27:00.000000', '2025-12-28 19:38:00.000000', 71, 'B737', 160, 329.00, NULL, NULL),
(410, 'AR251207471', 3, 2, '2025-12-28 20:19:00.000000', '2025-12-29 01:14:00.000000', 295, 'A321', 220, 388.33, NULL, NULL),
(411, 'AR251200446', 4, 2, '2025-12-29 06:38:00.000000', '2025-12-29 09:18:00.000000', 160, 'A320', 180, 239.91, NULL, NULL),
(412, 'AR251201140', 2, 3, '2025-12-29 08:08:00.000000', '2025-12-29 11:16:00.000000', 188, 'A321', 220, 237.17, NULL, NULL),
(413, 'AR251202970', 2, 5, '2025-12-29 10:00:00.000000', '2025-12-29 12:54:00.000000', 174, 'A320', 180, 225.86, NULL, NULL),
(414, 'AR251203555', 2, 1, '2025-12-29 12:49:00.000000', '2025-12-29 16:03:00.000000', 194, 'B737', 160, 379.05, NULL, NULL),
(415, 'AR251204533', 2, 3, '2025-12-29 14:55:00.000000', '2025-12-29 20:06:00.000000', 311, 'B737', 160, 194.75, NULL, NULL),
(416, 'AR251205550', 3, 2, '2025-12-29 16:36:00.000000', '2025-12-29 21:13:00.000000', 277, 'A320', 180, 69.36, NULL, NULL),
(417, 'AR251206611', 1, 3, '2025-12-29 18:37:00.000000', '2025-12-29 21:03:00.000000', 146, 'B737', 160, 414.23, NULL, NULL),
(418, 'AR251207860', 3, 1, '2025-12-29 20:08:00.000000', '2025-12-30 00:18:00.000000', 250, 'B787', 300, 143.65, NULL, NULL),
(419, 'AR251200601', 1, 4, '2025-12-30 06:11:00.000000', '2025-12-30 10:35:00.000000', 264, 'A320', 180, 474.46, NULL, NULL),
(420, 'AR251201710', 4, 3, '2025-12-30 08:05:00.000000', '2025-12-30 09:54:00.000000', 109, 'A321', 220, 113.94, NULL, NULL),
(421, 'AR251202837', 5, 3, '2025-12-30 10:25:00.000000', '2025-12-30 14:55:00.000000', 270, 'A321', 220, 295.55, NULL, NULL),
(422, 'AR251203507', 3, 2, '2025-12-30 12:38:00.000000', '2025-12-30 16:53:00.000000', 255, 'B737', 160, 152.38, NULL, NULL),
(423, 'AR251204910', 5, 2, '2025-12-30 14:01:00.000000', '2025-12-30 19:40:00.000000', 339, 'A321', 220, 325.10, NULL, NULL),
(424, 'AR251205567', 1, 5, '2025-12-30 16:26:00.000000', '2025-12-30 19:15:00.000000', 169, 'A320', 180, 334.66, NULL, NULL),
(425, 'AR251206603', 3, 1, '2025-12-30 18:44:00.000000', '2025-12-30 22:10:00.000000', 206, 'A320', 180, 468.06, NULL, NULL),
(426, 'AR251207553', 3, 2, '2025-12-30 20:07:00.000000', '2025-12-30 21:20:00.000000', 73, 'A321', 220, 109.29, NULL, NULL),
(427, 'AR251200792', 1, 5, '2025-12-31 06:45:00.000000', '2025-12-31 10:43:00.000000', 238, 'A320', 180, 425.14, NULL, NULL),
(428, 'AR251201880', 1, 4, '2025-12-31 08:37:00.000000', '2025-12-31 12:23:00.000000', 226, 'B737', 160, 148.95, NULL, NULL),
(429, 'AR251202228', 2, 1, '2025-12-31 10:46:00.000000', '2025-12-31 14:56:00.000000', 250, 'B787', 300, 380.16, NULL, NULL),
(430, 'AR251203301', 3, 2, '2025-12-31 12:15:00.000000', '2025-12-31 14:36:00.000000', 141, 'B787', 300, 207.28, NULL, NULL),
(431, 'AR251204395', 5, 3, '2025-12-31 14:18:00.000000', '2025-12-31 17:05:00.000000', 167, 'B787', 300, 95.92, NULL, NULL),
(432, 'AR251205304', 4, 5, '2025-12-31 16:14:00.000000', '2025-12-31 18:55:00.000000', 161, 'A320', 180, 160.25, NULL, NULL),
(433, 'AR251206202', 5, 2, '2025-12-31 18:52:00.000000', '2025-12-31 23:14:00.000000', 262, 'B787', 300, 176.42, NULL, NULL),
(434, 'AR251207906', 1, 4, '2025-12-31 20:54:00.000000', '2025-12-31 22:56:00.000000', 122, 'A321', 220, 499.88, NULL, NULL);

-- --------------------------------------------------------

--
-- Table structure for table `flightseats`
--

CREATE TABLE `flightseats` (
  `FlightSeatId` int(11) NOT NULL,
  `ScheduleId` int(11) NOT NULL,
  `SeatId` int(11) NOT NULL,
  `Status` int(11) NOT NULL,
  `ReservedByReservationID` int(11) DEFAULT NULL,
  `Price` decimal(10,2) DEFAULT NULL,
  `CreatedAt` datetime(6) NOT NULL,
  `UpdatedAt` datetime(6) DEFAULT NULL
) ENGINE=InnoDB DEFAULT CHARSET=utf8mb4 COLLATE=utf8mb4_general_ci;

-- --------------------------------------------------------

--
-- Table structure for table `payments`
--

CREATE TABLE `payments` (
  `PaymentID` int(11) NOT NULL,
  `ReservationID` int(11) NOT NULL,
  `Amount` decimal(10,2) NOT NULL,
  `PaymentDate` datetime(6) NOT NULL,
  `PaymentMethod` varchar(50) NOT NULL,
  `TransactionStatus` varchar(50) NOT NULL,
  `TransactionRefNo` varchar(100) DEFAULT NULL
) ENGINE=InnoDB DEFAULT CHARSET=utf8mb4 COLLATE=utf8mb4_general_ci;

-- --------------------------------------------------------

--
-- Table structure for table `pricingpolicies`
--

CREATE TABLE `pricingpolicies` (
  `PolicyID` int(11) NOT NULL,
  `Description` varchar(500) NOT NULL,
  `DaysBeforeDeparture` int(11) NOT NULL,
  `PriceMultiplier` decimal(5,2) NOT NULL
) ENGINE=InnoDB DEFAULT CHARSET=utf8mb4 COLLATE=utf8mb4_general_ci;

--
-- Dumping data for table `pricingpolicies`
--

INSERT INTO `pricingpolicies` (`PolicyID`, `Description`, `DaysBeforeDeparture`, `PriceMultiplier`) VALUES
(1, 'Early Bird (30+ days)', 30, 0.80),
(2, 'Standard (15-29 days)', 15, 1.00),
(3, 'Late Booking (7-14 days)', 7, 1.20),
(4, 'Last Minute (0-6 days)', 0, 1.50);

-- --------------------------------------------------------

--
-- Table structure for table `refunds`
--

CREATE TABLE `refunds` (
  `RefundID` int(11) NOT NULL,
  `ReservationID` int(11) NOT NULL,
  `RefundAmount` decimal(10,2) NOT NULL,
  `RefundDate` datetime(6) NOT NULL,
  `RefundPercentage` decimal(5,2) NOT NULL
) ENGINE=InnoDB DEFAULT CHARSET=utf8mb4 COLLATE=utf8mb4_general_ci;

-- --------------------------------------------------------

--
-- Table structure for table `reservations`
--

CREATE TABLE `reservations` (
  `ReservationID` int(11) NOT NULL,
  `UserID` int(11) NOT NULL,
  `FlightID` int(11) NOT NULL,
  `ScheduleID` int(11) NOT NULL,
  `BookingDate` date NOT NULL,
  `TravelDate` date NOT NULL,
  `Status` varchar(50) NOT NULL,
  `NumAdults` int(11) NOT NULL,
  `NumChildren` int(11) NOT NULL,
  `NumSeniors` int(11) NOT NULL,
  `Class` varchar(50) NOT NULL,
  `ConfirmationNumber` varchar(50) NOT NULL,
  `BlockingNumber` varchar(50) DEFAULT NULL,
  `SeatId` int(11) DEFAULT NULL,
  `SeatLabel` varchar(10) DEFAULT NULL,
  `FlightSeatId` int(11) DEFAULT NULL
) ENGINE=InnoDB DEFAULT CHARSET=utf8mb4 COLLATE=utf8mb4_general_ci;

-- --------------------------------------------------------

--
-- Table structure for table `schedules`
--

CREATE TABLE `schedules` (
  `ScheduleID` int(11) NOT NULL,
  `FlightID` int(11) NOT NULL,
  `Date` date NOT NULL,
  `Status` varchar(50) NOT NULL,
  `CityID` int(11) DEFAULT NULL
) ENGINE=InnoDB DEFAULT CHARSET=utf8mb4 COLLATE=utf8mb4_general_ci;

--
-- Dumping data for table `schedules`
--

INSERT INTO `schedules` (`ScheduleID`, `FlightID`, `Date`, `Status`, `CityID`) VALUES
(1010, 113, '2025-11-21', 'Scheduled', NULL),
(1011, 114, '2025-11-21', 'Scheduled', NULL),
(1012, 115, '2025-11-22', 'Scheduled', NULL),
(1013, 116, '2025-11-22', 'Scheduled', NULL),
(1014, 117, '2025-11-22', 'Scheduled', NULL),
(1015, 118, '2025-11-22', 'Scheduled', NULL),
(1016, 119, '2025-11-22', 'Scheduled', NULL),
(1017, 120, '2025-11-22', 'Scheduled', NULL),
(1018, 121, '2025-11-22', 'Scheduled', NULL),
(1019, 122, '2025-11-22', 'Scheduled', NULL),
(1020, 123, '2025-11-23', 'Scheduled', NULL),
(1021, 124, '2025-11-23', 'Scheduled', NULL),
(1022, 125, '2025-11-23', 'Scheduled', NULL),
(1023, 126, '2025-11-23', 'Scheduled', NULL),
(1024, 127, '2025-11-23', 'Scheduled', NULL),
(1025, 128, '2025-11-23', 'Scheduled', NULL),
(1026, 129, '2025-11-23', 'Scheduled', NULL),
(1027, 130, '2025-11-23', 'Scheduled', NULL),
(1028, 131, '2025-11-24', 'Scheduled', NULL),
(1029, 132, '2025-11-24', 'Scheduled', NULL),
(1030, 133, '2025-11-24', 'Scheduled', NULL),
(1031, 134, '2025-11-24', 'Scheduled', NULL),
(1032, 135, '2025-11-24', 'Scheduled', NULL),
(1033, 136, '2025-11-24', 'Scheduled', NULL),
(1034, 137, '2025-11-24', 'Scheduled', NULL),
(1035, 138, '2025-11-24', 'Scheduled', NULL),
(1036, 139, '2025-11-25', 'Scheduled', NULL),
(1037, 140, '2025-11-25', 'Scheduled', NULL),
(1038, 141, '2025-11-25', 'Scheduled', NULL),
(1039, 142, '2025-11-25', 'Scheduled', NULL),
(1040, 143, '2025-11-25', 'Scheduled', NULL),
(1041, 144, '2025-11-25', 'Scheduled', NULL),
(1042, 145, '2025-11-25', 'Scheduled', NULL),
(1043, 146, '2025-11-25', 'Scheduled', NULL),
(1044, 147, '2025-11-26', 'Scheduled', NULL),
(1045, 148, '2025-11-26', 'Scheduled', NULL),
(1046, 149, '2025-11-26', 'Scheduled', NULL),
(1047, 150, '2025-11-26', 'Scheduled', NULL),
(1048, 151, '2025-11-26', 'Scheduled', NULL),
(1049, 152, '2025-11-26', 'Scheduled', NULL),
(1050, 153, '2025-11-26', 'Scheduled', NULL),
(1051, 154, '2025-11-26', 'Scheduled', NULL),
(1052, 155, '2025-11-27', 'Scheduled', NULL),
(1053, 156, '2025-11-27', 'Scheduled', NULL),
(1054, 157, '2025-11-27', 'Scheduled', NULL),
(1055, 158, '2025-11-27', 'Scheduled', NULL),
(1056, 159, '2025-11-27', 'Scheduled', NULL),
(1057, 160, '2025-11-27', 'Scheduled', NULL),
(1058, 161, '2025-11-27', 'Scheduled', NULL),
(1059, 162, '2025-11-27', 'Scheduled', NULL),
(1060, 163, '2025-11-28', 'Scheduled', NULL),
(1061, 164, '2025-11-28', 'Scheduled', NULL),
(1062, 165, '2025-11-28', 'Scheduled', NULL),
(1063, 166, '2025-11-28', 'Scheduled', NULL),
(1064, 167, '2025-11-28', 'Scheduled', NULL),
(1065, 168, '2025-11-28', 'Scheduled', NULL),
(1066, 169, '2025-11-28', 'Scheduled', NULL),
(1067, 170, '2025-11-28', 'Scheduled', NULL),
(1068, 171, '2025-11-29', 'Scheduled', NULL),
(1069, 172, '2025-11-29', 'Scheduled', NULL),
(1070, 173, '2025-11-29', 'Scheduled', NULL),
(1071, 174, '2025-11-29', 'Scheduled', NULL),
(1072, 175, '2025-11-29', 'Scheduled', NULL),
(1073, 176, '2025-11-29', 'Scheduled', NULL),
(1074, 177, '2025-11-29', 'Scheduled', NULL),
(1075, 178, '2025-11-29', 'Scheduled', NULL),
(1076, 179, '2025-11-30', 'Scheduled', NULL),
(1077, 180, '2025-11-30', 'Scheduled', NULL),
(1078, 182, '2025-11-30', 'Scheduled', NULL),
(1079, 183, '2025-11-30', 'Scheduled', NULL),
(1080, 184, '2025-11-30', 'Scheduled', NULL),
(1081, 185, '2025-11-30', 'Scheduled', NULL),
(1082, 186, '2025-11-30', 'Scheduled', NULL),
(1083, 187, '2025-12-01', 'Scheduled', NULL),
(1084, 188, '2025-12-01', 'Scheduled', NULL),
(1085, 189, '2025-12-01', 'Scheduled', NULL),
(1086, 190, '2025-12-01', 'Scheduled', NULL),
(1087, 191, '2025-12-01', 'Scheduled', NULL),
(1088, 192, '2025-12-01', 'Scheduled', NULL),
(1089, 193, '2025-12-01', 'Scheduled', NULL),
(1090, 194, '2025-12-01', 'Scheduled', NULL),
(1091, 195, '2025-12-02', 'Scheduled', NULL),
(1092, 196, '2025-12-02', 'Scheduled', NULL),
(1093, 197, '2025-12-02', 'Scheduled', NULL),
(1094, 198, '2025-12-02', 'Scheduled', NULL),
(1095, 199, '2025-12-02', 'Scheduled', NULL),
(1096, 200, '2025-12-02', 'Scheduled', NULL),
(1097, 201, '2025-12-02', 'Scheduled', NULL),
(1098, 202, '2025-12-02', 'Scheduled', NULL),
(1099, 203, '2025-12-03', 'Scheduled', NULL),
(1100, 204, '2025-12-03', 'Scheduled', NULL),
(1101, 205, '2025-12-03', 'Scheduled', NULL),
(1102, 206, '2025-12-03', 'Scheduled', NULL),
(1103, 207, '2025-12-03', 'Scheduled', NULL),
(1104, 208, '2025-12-03', 'Scheduled', NULL),
(1105, 209, '2025-12-03', 'Scheduled', NULL),
(1106, 210, '2025-12-03', 'Scheduled', NULL),
(1107, 211, '2025-12-04', 'Scheduled', NULL),
(1108, 212, '2025-12-04', 'Scheduled', NULL),
(1109, 213, '2025-12-04', 'Scheduled', NULL),
(1110, 214, '2025-12-04', 'Scheduled', NULL),
(1111, 215, '2025-12-04', 'Scheduled', NULL),
(1112, 216, '2025-12-04', 'Scheduled', NULL),
(1113, 217, '2025-12-04', 'Scheduled', NULL),
(1114, 218, '2025-12-04', 'Scheduled', NULL),
(1115, 219, '2025-12-05', 'Scheduled', NULL),
(1116, 220, '2025-12-05', 'Scheduled', NULL),
(1117, 221, '2025-12-05', 'Scheduled', NULL),
(1118, 222, '2025-12-05', 'Scheduled', NULL),
(1119, 223, '2025-12-05', 'Scheduled', NULL),
(1120, 224, '2025-12-05', 'Scheduled', NULL),
(1121, 225, '2025-12-05', 'Scheduled', NULL),
(1122, 226, '2025-12-05', 'Scheduled', NULL),
(1123, 227, '2025-12-06', 'Scheduled', NULL),
(1124, 228, '2025-12-06', 'Scheduled', NULL),
(1125, 229, '2025-12-06', 'Scheduled', NULL),
(1126, 230, '2025-12-06', 'Scheduled', NULL),
(1127, 231, '2025-12-06', 'Scheduled', NULL),
(1128, 232, '2025-12-06', 'Scheduled', NULL),
(1129, 233, '2025-12-06', 'Scheduled', NULL),
(1130, 234, '2025-12-06', 'Scheduled', NULL),
(1131, 235, '2025-12-07', 'Scheduled', NULL),
(1132, 236, '2025-12-07', 'Scheduled', NULL),
(1133, 237, '2025-12-07', 'Scheduled', NULL),
(1134, 238, '2025-12-07', 'Scheduled', NULL),
(1135, 239, '2025-12-07', 'Scheduled', NULL),
(1136, 240, '2025-12-07', 'Scheduled', NULL),
(1137, 241, '2025-12-07', 'Scheduled', NULL),
(1138, 242, '2025-12-07', 'Scheduled', NULL),
(1139, 243, '2025-12-08', 'Scheduled', NULL),
(1140, 244, '2025-12-08', 'Scheduled', NULL),
(1141, 245, '2025-12-08', 'Scheduled', NULL),
(1142, 246, '2025-12-08', 'Scheduled', NULL),
(1143, 247, '2025-12-08', 'Scheduled', NULL),
(1144, 248, '2025-12-08', 'Scheduled', NULL),
(1145, 249, '2025-12-08', 'Scheduled', NULL),
(1146, 250, '2025-12-08', 'Scheduled', NULL),
(1147, 251, '2025-12-09', 'Scheduled', NULL),
(1148, 252, '2025-12-09', 'Scheduled', NULL),
(1149, 253, '2025-12-09', 'Scheduled', NULL),
(1150, 254, '2025-12-09', 'Scheduled', NULL),
(1151, 255, '2025-12-09', 'Scheduled', NULL),
(1152, 256, '2025-12-09', 'Scheduled', NULL),
(1153, 257, '2025-12-09', 'Scheduled', NULL),
(1154, 258, '2025-12-09', 'Scheduled', NULL),
(1155, 259, '2025-12-10', 'Scheduled', NULL),
(1156, 260, '2025-12-10', 'Scheduled', NULL),
(1157, 261, '2025-12-10', 'Scheduled', NULL),
(1158, 262, '2025-12-10', 'Scheduled', NULL),
(1159, 263, '2025-12-10', 'Scheduled', NULL),
(1160, 264, '2025-12-10', 'Scheduled', NULL),
(1161, 265, '2025-12-10', 'Scheduled', NULL),
(1162, 266, '2025-12-10', 'Scheduled', NULL),
(1163, 267, '2025-12-11', 'Scheduled', NULL),
(1164, 268, '2025-12-11', 'Scheduled', NULL),
(1165, 269, '2025-12-11', 'Scheduled', NULL),
(1166, 270, '2025-12-11', 'Scheduled', NULL),
(1167, 271, '2025-12-11', 'Scheduled', NULL),
(1168, 272, '2025-12-11', 'Scheduled', NULL),
(1169, 273, '2025-12-11', 'Scheduled', NULL),
(1170, 274, '2025-12-11', 'Scheduled', NULL),
(1171, 275, '2025-12-12', 'Scheduled', NULL),
(1172, 276, '2025-12-12', 'Scheduled', NULL),
(1173, 277, '2025-12-12', 'Scheduled', NULL),
(1174, 278, '2025-12-12', 'Scheduled', NULL),
(1175, 279, '2025-12-12', 'Scheduled', NULL),
(1176, 280, '2025-12-12', 'Scheduled', NULL),
(1177, 281, '2025-12-12', 'Scheduled', NULL),
(1178, 282, '2025-12-12', 'Scheduled', NULL),
(1179, 283, '2025-12-13', 'Scheduled', NULL),
(1180, 284, '2025-12-13', 'Scheduled', NULL),
(1181, 285, '2025-12-13', 'Scheduled', NULL),
(1182, 286, '2025-12-13', 'Scheduled', NULL),
(1183, 287, '2025-12-13', 'Scheduled', NULL),
(1184, 288, '2025-12-13', 'Scheduled', NULL),
(1185, 289, '2025-12-13', 'Scheduled', NULL),
(1186, 290, '2025-12-13', 'Scheduled', NULL),
(1187, 291, '2025-12-14', 'Scheduled', NULL),
(1188, 292, '2025-12-14', 'Scheduled', NULL),
(1189, 293, '2025-12-14', 'Scheduled', NULL),
(1190, 294, '2025-12-14', 'Scheduled', NULL),
(1191, 295, '2025-12-14', 'Scheduled', NULL),
(1192, 296, '2025-12-14', 'Scheduled', NULL),
(1193, 297, '2025-12-14', 'Scheduled', NULL),
(1194, 298, '2025-12-14', 'Scheduled', NULL),
(1195, 299, '2025-12-15', 'Scheduled', NULL),
(1196, 300, '2025-12-15', 'Scheduled', NULL),
(1197, 301, '2025-12-15', 'Scheduled', NULL),
(1198, 302, '2025-12-15', 'Scheduled', NULL),
(1199, 303, '2025-12-15', 'Scheduled', NULL),
(1200, 304, '2025-12-15', 'Scheduled', NULL),
(1201, 305, '2025-12-15', 'Scheduled', NULL),
(1202, 306, '2025-12-15', 'Scheduled', NULL),
(1203, 307, '2025-12-16', 'Scheduled', NULL),
(1204, 308, '2025-12-16', 'Scheduled', NULL),
(1205, 309, '2025-12-16', 'Scheduled', NULL),
(1206, 310, '2025-12-16', 'Scheduled', NULL),
(1207, 311, '2025-12-16', 'Scheduled', NULL),
(1208, 312, '2025-12-16', 'Scheduled', NULL),
(1209, 313, '2025-12-16', 'Scheduled', NULL),
(1210, 314, '2025-12-16', 'Scheduled', NULL),
(1211, 315, '2025-12-17', 'Scheduled', NULL),
(1212, 316, '2025-12-17', 'Scheduled', NULL),
(1213, 317, '2025-12-17', 'Scheduled', NULL),
(1214, 318, '2025-12-17', 'Scheduled', NULL),
(1215, 319, '2025-12-17', 'Scheduled', NULL),
(1216, 320, '2025-12-17', 'Scheduled', NULL),
(1217, 321, '2025-12-17', 'Scheduled', NULL),
(1218, 322, '2025-12-17', 'Scheduled', NULL),
(1219, 323, '2025-12-18', 'Scheduled', NULL),
(1220, 325, '2025-12-18', 'Scheduled', NULL),
(1221, 326, '2025-12-18', 'Scheduled', NULL),
(1222, 327, '2025-12-18', 'Scheduled', NULL),
(1223, 328, '2025-12-18', 'Scheduled', NULL),
(1224, 329, '2025-12-18', 'Scheduled', NULL),
(1225, 330, '2025-12-18', 'Scheduled', NULL),
(1226, 331, '2025-12-19', 'Scheduled', NULL),
(1227, 332, '2025-12-19', 'Scheduled', NULL),
(1228, 333, '2025-12-19', 'Scheduled', NULL),
(1229, 334, '2025-12-19', 'Scheduled', NULL),
(1230, 335, '2025-12-19', 'Scheduled', NULL),
(1231, 336, '2025-12-19', 'Scheduled', NULL),
(1232, 337, '2025-12-19', 'Scheduled', NULL),
(1233, 338, '2025-12-19', 'Scheduled', NULL),
(1234, 339, '2025-12-20', 'Scheduled', NULL),
(1235, 340, '2025-12-20', 'Scheduled', NULL),
(1236, 341, '2025-12-20', 'Scheduled', NULL),
(1237, 342, '2025-12-20', 'Scheduled', NULL),
(1238, 343, '2025-12-20', 'Scheduled', NULL),
(1239, 344, '2025-12-20', 'Scheduled', NULL),
(1240, 345, '2025-12-20', 'Scheduled', NULL),
(1241, 346, '2025-12-20', 'Scheduled', NULL),
(1242, 347, '2025-12-21', 'Scheduled', NULL),
(1243, 348, '2025-12-21', 'Scheduled', NULL),
(1244, 349, '2025-12-21', 'Scheduled', NULL),
(1245, 350, '2025-12-21', 'Scheduled', NULL),
(1246, 351, '2025-12-21', 'Scheduled', NULL),
(1247, 352, '2025-12-21', 'Scheduled', NULL),
(1248, 353, '2025-12-21', 'Scheduled', NULL),
(1249, 354, '2025-12-21', 'Scheduled', NULL),
(1250, 355, '2025-12-22', 'Scheduled', NULL),
(1251, 356, '2025-12-22', 'Scheduled', NULL),
(1252, 357, '2025-12-22', 'Scheduled', NULL),
(1253, 358, '2025-12-22', 'Scheduled', NULL),
(1254, 359, '2025-12-22', 'Scheduled', NULL),
(1255, 360, '2025-12-22', 'Scheduled', NULL),
(1256, 361, '2025-12-22', 'Scheduled', NULL),
(1257, 362, '2025-12-22', 'Scheduled', NULL),
(1258, 363, '2025-12-23', 'Scheduled', NULL),
(1259, 364, '2025-12-23', 'Scheduled', NULL),
(1260, 366, '2025-12-23', 'Scheduled', NULL),
(1261, 367, '2025-12-23', 'Scheduled', NULL),
(1262, 368, '2025-12-23', 'Scheduled', NULL),
(1263, 369, '2025-12-23', 'Scheduled', NULL),
(1264, 370, '2025-12-23', 'Scheduled', NULL),
(1265, 371, '2025-12-24', 'Scheduled', NULL),
(1266, 372, '2025-12-24', 'Scheduled', NULL),
(1267, 373, '2025-12-24', 'Scheduled', NULL),
(1268, 374, '2025-12-24', 'Scheduled', NULL),
(1269, 375, '2025-12-24', 'Scheduled', NULL),
(1270, 376, '2025-12-24', 'Scheduled', NULL),
(1271, 377, '2025-12-24', 'Scheduled', NULL),
(1272, 378, '2025-12-24', 'Scheduled', NULL),
(1273, 379, '2025-12-25', 'Scheduled', NULL),
(1274, 380, '2025-12-25', 'Scheduled', NULL),
(1275, 381, '2025-12-25', 'Scheduled', NULL),
(1276, 382, '2025-12-25', 'Scheduled', NULL),
(1277, 383, '2025-12-25', 'Scheduled', NULL),
(1278, 384, '2025-12-25', 'Scheduled', NULL),
(1279, 385, '2025-12-25', 'Scheduled', NULL),
(1280, 386, '2025-12-25', 'Scheduled', NULL),
(1281, 387, '2025-12-26', 'Scheduled', NULL),
(1282, 388, '2025-12-26', 'Scheduled', NULL),
(1283, 389, '2025-12-26', 'Scheduled', NULL),
(1284, 390, '2025-12-26', 'Scheduled', NULL),
(1285, 391, '2025-12-26', 'Scheduled', NULL),
(1286, 392, '2025-12-26', 'Scheduled', NULL),
(1287, 393, '2025-12-26', 'Scheduled', NULL),
(1288, 394, '2025-12-26', 'Scheduled', NULL),
(1289, 395, '2025-12-27', 'Scheduled', NULL),
(1290, 396, '2025-12-27', 'Scheduled', NULL),
(1291, 397, '2025-12-27', 'Scheduled', NULL),
(1292, 398, '2025-12-27', 'Scheduled', NULL),
(1293, 399, '2025-12-27', 'Scheduled', NULL),
(1294, 400, '2025-12-27', 'Scheduled', NULL),
(1295, 401, '2025-12-27', 'Scheduled', NULL),
(1296, 402, '2025-12-27', 'Scheduled', NULL),
(1297, 403, '2025-12-28', 'Scheduled', NULL),
(1298, 404, '2025-12-28', 'Scheduled', NULL),
(1299, 405, '2025-12-28', 'Scheduled', NULL),
(1300, 406, '2025-12-28', 'Scheduled', NULL),
(1301, 407, '2025-12-28', 'Scheduled', NULL),
(1302, 408, '2025-12-28', 'Scheduled', NULL),
(1303, 409, '2025-12-28', 'Scheduled', NULL),
(1304, 410, '2025-12-28', 'Scheduled', NULL),
(1305, 411, '2025-12-29', 'Scheduled', NULL),
(1306, 412, '2025-12-29', 'Scheduled', NULL),
(1307, 413, '2025-12-29', 'Scheduled', NULL),
(1308, 414, '2025-12-29', 'Scheduled', NULL),
(1309, 415, '2025-12-29', 'Scheduled', NULL),
(1310, 416, '2025-12-29', 'Scheduled', NULL),
(1311, 417, '2025-12-29', 'Scheduled', NULL),
(1312, 418, '2025-12-29', 'Scheduled', NULL),
(1313, 419, '2025-12-30', 'Scheduled', NULL),
(1314, 420, '2025-12-30', 'Scheduled', NULL),
(1315, 421, '2025-12-30', 'Scheduled', NULL),
(1316, 422, '2025-12-30', 'Scheduled', NULL),
(1317, 423, '2025-12-30', 'Scheduled', NULL),
(1318, 424, '2025-12-30', 'Scheduled', NULL),
(1319, 425, '2025-12-30', 'Scheduled', NULL),
(1320, 426, '2025-12-30', 'Scheduled', NULL),
(1321, 427, '2025-12-31', 'Scheduled', NULL),
(1322, 428, '2025-12-31', 'Scheduled', NULL),
(1323, 429, '2025-12-31', 'Scheduled', NULL),
(1324, 430, '2025-12-31', 'Scheduled', NULL),
(1325, 431, '2025-12-31', 'Scheduled', NULL),
(1326, 432, '2025-12-31', 'Scheduled', NULL),
(1327, 433, '2025-12-31', 'Scheduled', NULL),
(1328, 434, '2025-12-31', 'Scheduled', NULL);

-- --------------------------------------------------------

--
-- Table structure for table `seatlayouts`
--

CREATE TABLE `seatlayouts` (
  `SeatLayoutId` int(11) NOT NULL,
  `Name` varchar(100) NOT NULL,
  `MetadataJson` longtext DEFAULT NULL
) ENGINE=InnoDB DEFAULT CHARSET=utf8mb4 COLLATE=utf8mb4_general_ci;

--
-- Dumping data for table `seatlayouts`
--

INSERT INTO `seatlayouts` (`SeatLayoutId`, `Name`, `MetadataJson`) VALUES
(1, 'Default-6x40', NULL),
(2, 'Default-6x40', NULL);

-- --------------------------------------------------------

--
-- Table structure for table `seats`
--

CREATE TABLE `seats` (
  `SeatId` int(11) NOT NULL,
  `SeatLayoutId` int(11) NOT NULL,
  `RowNumber` int(11) NOT NULL,
  `Column` varchar(5) NOT NULL,
  `Label` varchar(10) NOT NULL,
  `CabinClass` int(11) NOT NULL,
  `IsExitRow` tinyint(1) NOT NULL,
  `IsPremium` tinyint(1) NOT NULL,
  `PriceModifier` decimal(10,2) DEFAULT NULL
) ENGINE=InnoDB DEFAULT CHARSET=utf8mb4 COLLATE=utf8mb4_general_ci;

--
-- Dumping data for table `seats`
--

INSERT INTO `seats` (`SeatId`, `SeatLayoutId`, `RowNumber`, `Column`, `Label`, `CabinClass`, `IsExitRow`, `IsPremium`, `PriceModifier`) VALUES
(1, 1, 1, 'A', '1A', 0, 0, 0, NULL),
(2, 1, 1, 'B', '1B', 0, 0, 0, NULL),
(3, 1, 1, 'C', '1C', 0, 0, 0, NULL),
(4, 1, 1, 'D', '1D', 0, 0, 0, NULL),
(5, 1, 1, 'E', '1E', 0, 0, 0, NULL),
(6, 1, 1, 'F', '1F', 0, 0, 0, NULL),
(7, 1, 2, 'A', '2A', 0, 0, 0, NULL),
(8, 1, 2, 'B', '2B', 0, 0, 0, NULL),
(9, 1, 2, 'C', '2C', 0, 0, 0, NULL),
(10, 1, 2, 'D', '2D', 0, 0, 0, NULL),
(11, 1, 2, 'E', '2E', 0, 0, 0, NULL),
(12, 1, 2, 'F', '2F', 0, 0, 0, NULL),
(13, 1, 3, 'A', '3A', 0, 0, 0, NULL),
(14, 1, 3, 'B', '3B', 0, 0, 0, NULL),
(15, 1, 3, 'C', '3C', 0, 0, 0, NULL),
(16, 1, 3, 'D', '3D', 0, 0, 0, NULL),
(17, 1, 3, 'E', '3E', 0, 0, 0, NULL),
(18, 1, 3, 'F', '3F', 0, 0, 0, NULL),
(19, 1, 4, 'A', '4A', 0, 0, 0, NULL),
(20, 1, 4, 'B', '4B', 0, 0, 0, NULL),
(21, 1, 4, 'C', '4C', 0, 0, 0, NULL),
(22, 1, 4, 'D', '4D', 0, 0, 0, NULL),
(23, 1, 4, 'E', '4E', 0, 0, 0, NULL),
(24, 1, 4, 'F', '4F', 0, 0, 0, NULL),
(25, 1, 5, 'A', '5A', 0, 0, 0, NULL),
(26, 1, 5, 'B', '5B', 0, 0, 0, NULL),
(27, 1, 5, 'C', '5C', 0, 0, 0, NULL),
(28, 1, 5, 'D', '5D', 0, 0, 0, NULL),
(29, 1, 5, 'E', '5E', 0, 0, 0, NULL),
(30, 1, 5, 'F', '5F', 0, 0, 0, NULL),
(31, 1, 6, 'A', '6A', 0, 0, 0, NULL),
(32, 1, 6, 'B', '6B', 0, 0, 0, NULL),
(33, 1, 6, 'C', '6C', 0, 0, 0, NULL),
(34, 1, 6, 'D', '6D', 0, 0, 0, NULL),
(35, 1, 6, 'E', '6E', 0, 0, 0, NULL),
(36, 1, 6, 'F', '6F', 0, 0, 0, NULL),
(37, 1, 7, 'A', '7A', 0, 0, 0, NULL),
(38, 1, 7, 'B', '7B', 0, 0, 0, NULL),
(39, 1, 7, 'C', '7C', 0, 0, 0, NULL),
(40, 1, 7, 'D', '7D', 0, 0, 0, NULL),
(41, 1, 7, 'E', '7E', 0, 0, 0, NULL),
(42, 1, 7, 'F', '7F', 0, 0, 0, NULL),
(43, 1, 8, 'A', '8A', 0, 0, 0, NULL),
(44, 1, 8, 'B', '8B', 0, 0, 0, NULL),
(45, 1, 8, 'C', '8C', 0, 0, 0, NULL),
(46, 1, 8, 'D', '8D', 0, 0, 0, NULL),
(47, 1, 8, 'E', '8E', 0, 0, 0, NULL),
(48, 1, 8, 'F', '8F', 0, 0, 0, NULL),
(49, 1, 9, 'A', '9A', 0, 0, 0, NULL),
(50, 1, 9, 'B', '9B', 0, 0, 0, NULL),
(51, 1, 9, 'C', '9C', 0, 0, 0, NULL),
(52, 1, 9, 'D', '9D', 0, 0, 0, NULL),
(53, 1, 9, 'E', '9E', 0, 0, 0, NULL),
(54, 1, 9, 'F', '9F', 0, 0, 0, NULL),
(55, 1, 10, 'A', '10A', 0, 0, 0, NULL),
(56, 1, 10, 'B', '10B', 0, 0, 0, NULL),
(57, 1, 10, 'C', '10C', 0, 0, 0, NULL),
(58, 1, 10, 'D', '10D', 0, 0, 0, NULL),
(59, 1, 10, 'E', '10E', 0, 0, 0, NULL),
(60, 1, 10, 'F', '10F', 0, 0, 0, NULL),
(61, 1, 11, 'A', '11A', 1, 0, 0, NULL),
(62, 1, 11, 'B', '11B', 1, 0, 0, NULL),
(63, 1, 11, 'C', '11C', 1, 0, 0, NULL),
(64, 1, 11, 'D', '11D', 1, 0, 0, NULL),
(65, 1, 11, 'E', '11E', 1, 0, 0, NULL),
(66, 1, 11, 'F', '11F', 1, 0, 0, NULL),
(67, 1, 12, 'A', '12A', 1, 0, 0, NULL),
(68, 1, 12, 'B', '12B', 1, 0, 0, NULL),
(69, 1, 12, 'C', '12C', 1, 0, 0, NULL),
(70, 1, 12, 'D', '12D', 1, 0, 0, NULL),
(71, 1, 12, 'E', '12E', 1, 0, 0, NULL),
(72, 1, 12, 'F', '12F', 1, 0, 0, NULL),
(73, 1, 13, 'A', '13A', 1, 0, 0, NULL),
(74, 1, 13, 'B', '13B', 1, 0, 0, NULL),
(75, 1, 13, 'C', '13C', 1, 0, 0, NULL),
(76, 1, 13, 'D', '13D', 1, 0, 0, NULL),
(77, 1, 13, 'E', '13E', 1, 0, 0, NULL),
(78, 1, 13, 'F', '13F', 1, 0, 0, NULL),
(79, 1, 14, 'A', '14A', 1, 0, 0, NULL),
(80, 1, 14, 'B', '14B', 1, 0, 0, NULL),
(81, 1, 14, 'C', '14C', 1, 0, 0, NULL),
(82, 1, 14, 'D', '14D', 1, 0, 0, NULL),
(83, 1, 14, 'E', '14E', 1, 0, 0, NULL),
(84, 1, 14, 'F', '14F', 1, 0, 0, NULL),
(85, 1, 15, 'A', '15A', 1, 0, 0, NULL),
(86, 1, 15, 'B', '15B', 1, 0, 0, NULL),
(87, 1, 15, 'C', '15C', 1, 0, 0, NULL),
(88, 1, 15, 'D', '15D', 1, 0, 0, NULL),
(89, 1, 15, 'E', '15E', 1, 0, 0, NULL),
(90, 1, 15, 'F', '15F', 1, 0, 0, NULL),
(91, 1, 16, 'A', '16A', 1, 0, 0, NULL),
(92, 1, 16, 'B', '16B', 1, 0, 0, NULL),
(93, 1, 16, 'C', '16C', 1, 0, 0, NULL),
(94, 1, 16, 'D', '16D', 1, 0, 0, NULL),
(95, 1, 16, 'E', '16E', 1, 0, 0, NULL),
(96, 1, 16, 'F', '16F', 1, 0, 0, NULL),
(97, 1, 17, 'A', '17A', 1, 0, 0, NULL),
(98, 1, 17, 'B', '17B', 1, 0, 0, NULL),
(99, 1, 17, 'C', '17C', 1, 0, 0, NULL),
(100, 1, 17, 'D', '17D', 1, 0, 0, NULL),
(101, 1, 17, 'E', '17E', 1, 0, 0, NULL),
(102, 1, 17, 'F', '17F', 1, 0, 0, NULL),
(103, 1, 18, 'A', '18A', 1, 0, 0, NULL),
(104, 1, 18, 'B', '18B', 1, 0, 0, NULL),
(105, 1, 18, 'C', '18C', 1, 0, 0, NULL),
(106, 1, 18, 'D', '18D', 1, 0, 0, NULL),
(107, 1, 18, 'E', '18E', 1, 0, 0, NULL),
(108, 1, 18, 'F', '18F', 1, 0, 0, NULL),
(109, 1, 19, 'A', '19A', 1, 0, 0, NULL),
(110, 1, 19, 'B', '19B', 1, 0, 0, NULL),
(111, 1, 19, 'C', '19C', 1, 0, 0, NULL),
(112, 1, 19, 'D', '19D', 1, 0, 0, NULL),
(113, 1, 19, 'E', '19E', 1, 0, 0, NULL),
(114, 1, 19, 'F', '19F', 1, 0, 0, NULL),
(115, 1, 20, 'A', '20A', 1, 0, 0, NULL),
(116, 1, 20, 'B', '20B', 1, 0, 0, NULL),
(117, 1, 20, 'C', '20C', 1, 0, 0, NULL),
(118, 1, 20, 'D', '20D', 1, 0, 0, NULL),
(119, 1, 20, 'E', '20E', 1, 0, 0, NULL),
(120, 1, 20, 'F', '20F', 1, 0, 0, NULL),
(121, 1, 21, 'A', '21A', 1, 0, 0, NULL),
(122, 1, 21, 'B', '21B', 1, 0, 0, NULL),
(123, 1, 21, 'C', '21C', 1, 0, 0, NULL),
(124, 1, 21, 'D', '21D', 1, 0, 0, NULL),
(125, 1, 21, 'E', '21E', 1, 0, 0, NULL),
(126, 1, 21, 'F', '21F', 1, 0, 0, NULL),
(127, 1, 22, 'A', '22A', 1, 0, 0, NULL),
(128, 1, 22, 'B', '22B', 1, 0, 0, NULL),
(129, 1, 22, 'C', '22C', 1, 0, 0, NULL),
(130, 1, 22, 'D', '22D', 1, 0, 0, NULL),
(131, 1, 22, 'E', '22E', 1, 0, 0, NULL),
(132, 1, 22, 'F', '22F', 1, 0, 0, NULL),
(133, 1, 23, 'A', '23A', 1, 0, 0, NULL),
(134, 1, 23, 'B', '23B', 1, 0, 0, NULL),
(135, 1, 23, 'C', '23C', 1, 0, 0, NULL),
(136, 1, 23, 'D', '23D', 1, 0, 0, NULL),
(137, 1, 23, 'E', '23E', 1, 0, 0, NULL),
(138, 1, 23, 'F', '23F', 1, 0, 0, NULL),
(139, 1, 24, 'A', '24A', 1, 0, 0, NULL),
(140, 1, 24, 'B', '24B', 1, 0, 0, NULL),
(141, 1, 24, 'C', '24C', 1, 0, 0, NULL),
(142, 1, 24, 'D', '24D', 1, 0, 0, NULL),
(143, 1, 24, 'E', '24E', 1, 0, 0, NULL),
(144, 1, 24, 'F', '24F', 1, 0, 0, NULL),
(145, 1, 25, 'A', '25A', 1, 0, 0, NULL),
(146, 1, 25, 'B', '25B', 1, 0, 0, NULL),
(147, 1, 25, 'C', '25C', 1, 0, 0, NULL),
(148, 1, 25, 'D', '25D', 1, 0, 0, NULL),
(149, 1, 25, 'E', '25E', 1, 0, 0, NULL),
(150, 1, 25, 'F', '25F', 1, 0, 0, NULL),
(151, 1, 26, 'A', '26A', 1, 0, 0, NULL),
(152, 1, 26, 'B', '26B', 1, 0, 0, NULL),
(153, 1, 26, 'C', '26C', 1, 0, 0, NULL),
(154, 1, 26, 'D', '26D', 1, 0, 0, NULL),
(155, 1, 26, 'E', '26E', 1, 0, 0, NULL),
(156, 1, 26, 'F', '26F', 1, 0, 0, NULL),
(157, 1, 27, 'A', '27A', 1, 0, 0, NULL),
(158, 1, 27, 'B', '27B', 1, 0, 0, NULL),
(159, 1, 27, 'C', '27C', 1, 0, 0, NULL),
(160, 1, 27, 'D', '27D', 1, 0, 0, NULL),
(161, 1, 27, 'E', '27E', 1, 0, 0, NULL),
(162, 1, 27, 'F', '27F', 1, 0, 0, NULL),
(163, 1, 28, 'A', '28A', 1, 0, 0, NULL),
(164, 1, 28, 'B', '28B', 1, 0, 0, NULL),
(165, 1, 28, 'C', '28C', 1, 0, 0, NULL),
(166, 1, 28, 'D', '28D', 1, 0, 0, NULL),
(167, 1, 28, 'E', '28E', 1, 0, 0, NULL),
(168, 1, 28, 'F', '28F', 1, 0, 0, NULL),
(169, 1, 29, 'A', '29A', 1, 0, 0, NULL),
(170, 1, 29, 'B', '29B', 1, 0, 0, NULL),
(171, 1, 29, 'C', '29C', 1, 0, 0, NULL),
(172, 1, 29, 'D', '29D', 1, 0, 0, NULL),
(173, 1, 29, 'E', '29E', 1, 0, 0, NULL),
(174, 1, 29, 'F', '29F', 1, 0, 0, NULL),
(175, 1, 30, 'A', '30A', 1, 0, 0, NULL),
(176, 1, 30, 'B', '30B', 1, 0, 0, NULL),
(177, 1, 30, 'C', '30C', 1, 0, 0, NULL),
(178, 1, 30, 'D', '30D', 1, 0, 0, NULL),
(179, 1, 30, 'E', '30E', 1, 0, 0, NULL),
(180, 1, 30, 'F', '30F', 1, 0, 0, NULL),
(181, 1, 31, 'A', '31A', 2, 0, 0, NULL),
(182, 1, 31, 'B', '31B', 2, 0, 0, NULL),
(183, 1, 31, 'C', '31C', 2, 0, 0, NULL),
(184, 1, 31, 'D', '31D', 2, 0, 0, NULL),
(185, 1, 31, 'E', '31E', 2, 0, 0, NULL),
(186, 1, 31, 'F', '31F', 2, 0, 0, NULL),
(187, 1, 32, 'A', '32A', 2, 0, 0, NULL),
(188, 1, 32, 'B', '32B', 2, 0, 0, NULL),
(189, 1, 32, 'C', '32C', 2, 0, 0, NULL),
(190, 1, 32, 'D', '32D', 2, 0, 0, NULL),
(191, 1, 32, 'E', '32E', 2, 0, 0, NULL),
(192, 1, 32, 'F', '32F', 2, 0, 0, NULL),
(193, 1, 33, 'A', '33A', 2, 0, 0, NULL),
(194, 1, 33, 'B', '33B', 2, 0, 0, NULL),
(195, 1, 33, 'C', '33C', 2, 0, 0, NULL),
(196, 1, 33, 'D', '33D', 2, 0, 0, NULL),
(197, 1, 33, 'E', '33E', 2, 0, 0, NULL),
(198, 1, 33, 'F', '33F', 2, 0, 0, NULL),
(199, 1, 34, 'A', '34A', 2, 0, 0, NULL),
(200, 1, 34, 'B', '34B', 2, 0, 0, NULL),
(201, 1, 34, 'C', '34C', 2, 0, 0, NULL),
(202, 1, 34, 'D', '34D', 2, 0, 0, NULL),
(203, 1, 34, 'E', '34E', 2, 0, 0, NULL),
(204, 1, 34, 'F', '34F', 2, 0, 0, NULL),
(205, 1, 35, 'A', '35A', 2, 0, 0, NULL),
(206, 1, 35, 'B', '35B', 2, 0, 0, NULL),
(207, 1, 35, 'C', '35C', 2, 0, 0, NULL),
(208, 1, 35, 'D', '35D', 2, 0, 0, NULL),
(209, 1, 35, 'E', '35E', 2, 0, 0, NULL),
(210, 1, 35, 'F', '35F', 2, 0, 0, NULL),
(211, 1, 36, 'A', '36A', 2, 0, 0, NULL),
(212, 1, 36, 'B', '36B', 2, 0, 0, NULL),
(213, 1, 36, 'C', '36C', 2, 0, 0, NULL),
(214, 1, 36, 'D', '36D', 2, 0, 0, NULL),
(215, 1, 36, 'E', '36E', 2, 0, 0, NULL),
(216, 1, 36, 'F', '36F', 2, 0, 0, NULL),
(217, 1, 37, 'A', '37A', 2, 0, 0, NULL),
(218, 1, 37, 'B', '37B', 2, 0, 0, NULL),
(219, 1, 37, 'C', '37C', 2, 0, 0, NULL),
(220, 1, 37, 'D', '37D', 2, 0, 0, NULL),
(221, 1, 37, 'E', '37E', 2, 0, 0, NULL),
(222, 1, 37, 'F', '37F', 2, 0, 0, NULL),
(223, 1, 38, 'A', '38A', 2, 0, 0, NULL),
(224, 1, 38, 'B', '38B', 2, 0, 0, NULL),
(225, 1, 38, 'C', '38C', 2, 0, 0, NULL),
(226, 1, 38, 'D', '38D', 2, 0, 0, NULL),
(227, 1, 38, 'E', '38E', 2, 0, 0, NULL),
(228, 1, 38, 'F', '38F', 2, 0, 0, NULL),
(229, 1, 39, 'A', '39A', 2, 0, 0, NULL),
(230, 1, 39, 'B', '39B', 2, 0, 0, NULL),
(231, 1, 39, 'C', '39C', 2, 0, 0, NULL),
(232, 1, 39, 'D', '39D', 2, 0, 0, NULL),
(233, 1, 39, 'E', '39E', 2, 0, 0, NULL),
(234, 1, 39, 'F', '39F', 2, 0, 0, NULL),
(235, 1, 40, 'A', '40A', 2, 0, 0, NULL),
(236, 1, 40, 'B', '40B', 2, 0, 0, NULL),
(237, 1, 40, 'C', '40C', 2, 0, 0, NULL),
(238, 1, 40, 'D', '40D', 2, 0, 0, NULL),
(239, 1, 40, 'E', '40E', 2, 0, 0, NULL),
(240, 1, 40, 'F', '40F', 2, 0, 0, NULL);

-- --------------------------------------------------------

--
-- Table structure for table `users`
--

CREATE TABLE `users` (
  `UserID` int(11) NOT NULL,
  `FirstName` varchar(100) NOT NULL,
  `LastName` varchar(100) NOT NULL,
  `Email` varchar(200) NOT NULL,
  `Password` varchar(255) NOT NULL,
  `Phone` varchar(20) DEFAULT NULL,
  `Address` varchar(500) DEFAULT NULL,
  `Gender` varchar(1) NOT NULL,
  `Age` int(11) DEFAULT NULL,
  `CreditCardNumber` varchar(20) DEFAULT NULL,
  `SkyMiles` int(11) NOT NULL,
  `Role` varchar(50) NOT NULL
) ENGINE=InnoDB DEFAULT CHARSET=utf8mb4 COLLATE=utf8mb4_general_ci;

--
-- Dumping data for table `users`
--

INSERT INTO `users` (`UserID`, `FirstName`, `LastName`, `Email`, `Password`, `Phone`, `Address`, `Gender`, `Age`, `CreditCardNumber`, `SkyMiles`, `Role`) VALUES
(1, 'Admin', 'User', 'admin@ars.com', 'Admin@123', NULL, NULL, 'M', NULL, NULL, 0, 'Admin'),
(2, 'Shiro', 'White', 'scwar69@gmail.com', '', '0825113336', '123', 'M', 22, NULL, 0, 'Customer');

-- --------------------------------------------------------

--
-- Table structure for table `__efmigrationshistory`
--

CREATE TABLE `__efmigrationshistory` (
  `MigrationId` varchar(150) NOT NULL,
  `ProductVersion` varchar(32) NOT NULL
) ENGINE=InnoDB DEFAULT CHARSET=utf8mb4 COLLATE=utf8mb4_general_ci;

--
-- Dumping data for table `__efmigrationshistory`
--

INSERT INTO `__efmigrationshistory` (`MigrationId`, `ProductVersion`) VALUES
('20251029121905_InitialCreate', '9.0.10'),
('20251103114859_InitialIdentity', '9.0.10'),
('20251103120432_SeedFlights', '9.0.10'),
('20251112083619_AddSeatLayoutAndSeatEntities', '9.0.10'),
('20251112084421_SeedDefaultSeatLayout', '9.0.10'),
('20251118100334_AddFlightSeatEntities', '9.0.10'),
('20251118101925_SeedFlightSeats', '9.0.10');

--
-- Indexes for dumped tables
--

--
-- Indexes for table `aspnetroleclaims`
--
ALTER TABLE `aspnetroleclaims`
  ADD PRIMARY KEY (`Id`),
  ADD KEY `IX_AspNetRoleClaims_RoleId` (`RoleId`);

--
-- Indexes for table `aspnetroles`
--
ALTER TABLE `aspnetroles`
  ADD PRIMARY KEY (`Id`),
  ADD UNIQUE KEY `RoleNameIndex` (`NormalizedName`);

--
-- Indexes for table `aspnetuserclaims`
--
ALTER TABLE `aspnetuserclaims`
  ADD PRIMARY KEY (`Id`),
  ADD KEY `IX_AspNetUserClaims_UserId` (`UserId`);

--
-- Indexes for table `aspnetuserlogins`
--
ALTER TABLE `aspnetuserlogins`
  ADD PRIMARY KEY (`LoginProvider`,`ProviderKey`),
  ADD KEY `IX_AspNetUserLogins_UserId` (`UserId`);

--
-- Indexes for table `aspnetuserroles`
--
ALTER TABLE `aspnetuserroles`
  ADD PRIMARY KEY (`UserId`,`RoleId`),
  ADD KEY `IX_AspNetUserRoles_RoleId` (`RoleId`);

--
-- Indexes for table `aspnetusers`
--
ALTER TABLE `aspnetusers`
  ADD PRIMARY KEY (`Id`),
  ADD UNIQUE KEY `UserNameIndex` (`NormalizedUserName`),
  ADD KEY `EmailIndex` (`NormalizedEmail`);

--
-- Indexes for table `aspnetusertokens`
--
ALTER TABLE `aspnetusertokens`
  ADD PRIMARY KEY (`UserId`,`LoginProvider`,`Name`);

--
-- Indexes for table `cities`
--
ALTER TABLE `cities`
  ADD PRIMARY KEY (`CityID`),
  ADD UNIQUE KEY `IX_Cities_AirportCode` (`AirportCode`);

--
-- Indexes for table `flights`
--
ALTER TABLE `flights`
  ADD PRIMARY KEY (`FlightID`),
  ADD UNIQUE KEY `IX_Flights_FlightNumber` (`FlightNumber`),
  ADD KEY `IX_Flights_DestinationCityID` (`DestinationCityID`),
  ADD KEY `IX_Flights_OriginCityID` (`OriginCityID`),
  ADD KEY `IX_Flights_PolicyID` (`PolicyID`);

--
-- Indexes for table `flightseats`
--
ALTER TABLE `flightseats`
  ADD PRIMARY KEY (`FlightSeatId`),
  ADD UNIQUE KEY `IX_FlightSeats_Schedule_Seat_Unique` (`ScheduleId`,`SeatId`),
  ADD KEY `IX_FlightSeats_ReservedByReservationID` (`ReservedByReservationID`),
  ADD KEY `IX_FlightSeats_SeatId` (`SeatId`);

--
-- Indexes for table `payments`
--
ALTER TABLE `payments`
  ADD PRIMARY KEY (`PaymentID`),
  ADD KEY `IX_Payments_ReservationID` (`ReservationID`);

--
-- Indexes for table `pricingpolicies`
--
ALTER TABLE `pricingpolicies`
  ADD PRIMARY KEY (`PolicyID`);

--
-- Indexes for table `refunds`
--
ALTER TABLE `refunds`
  ADD PRIMARY KEY (`RefundID`),
  ADD KEY `IX_Refunds_ReservationID` (`ReservationID`);

--
-- Indexes for table `reservations`
--
ALTER TABLE `reservations`
  ADD PRIMARY KEY (`ReservationID`),
  ADD UNIQUE KEY `IX_Reservations_ConfirmationNumber` (`ConfirmationNumber`),
  ADD UNIQUE KEY `IX_Reservation_Schedule_FlightSeat_Unique` (`ScheduleID`,`FlightSeatId`),
  ADD KEY `IX_Reservations_FlightID` (`FlightID`),
  ADD KEY `IX_Reservations_ScheduleID` (`ScheduleID`),
  ADD KEY `IX_Reservations_UserID` (`UserID`),
  ADD KEY `IX_Reservations_SeatId` (`SeatId`),
  ADD KEY `IX_Reservations_FlightSeatId` (`FlightSeatId`);

--
-- Indexes for table `schedules`
--
ALTER TABLE `schedules`
  ADD PRIMARY KEY (`ScheduleID`),
  ADD KEY `IX_Schedules_CityID` (`CityID`),
  ADD KEY `IX_Schedules_FlightID` (`FlightID`);

--
-- Indexes for table `seatlayouts`
--
ALTER TABLE `seatlayouts`
  ADD PRIMARY KEY (`SeatLayoutId`);

--
-- Indexes for table `seats`
--
ALTER TABLE `seats`
  ADD PRIMARY KEY (`SeatId`);

--
-- Indexes for table `users`
--
ALTER TABLE `users`
  ADD PRIMARY KEY (`UserID`),
  ADD UNIQUE KEY `IX_Users_Email` (`Email`);

--
-- Indexes for table `__efmigrationshistory`
--
ALTER TABLE `__efmigrationshistory`
  ADD PRIMARY KEY (`MigrationId`);

--
-- AUTO_INCREMENT for dumped tables
--

--
-- AUTO_INCREMENT for table `aspnetroleclaims`
--
ALTER TABLE `aspnetroleclaims`
  MODIFY `Id` int(11) NOT NULL AUTO_INCREMENT;

--
-- AUTO_INCREMENT for table `aspnetroles`
--
ALTER TABLE `aspnetroles`
  MODIFY `Id` int(11) NOT NULL AUTO_INCREMENT, AUTO_INCREMENT=3;

--
-- AUTO_INCREMENT for table `aspnetuserclaims`
--
ALTER TABLE `aspnetuserclaims`
  MODIFY `Id` int(11) NOT NULL AUTO_INCREMENT;

--
-- AUTO_INCREMENT for table `aspnetusers`
--
ALTER TABLE `aspnetusers`
  MODIFY `Id` int(11) NOT NULL AUTO_INCREMENT, AUTO_INCREMENT=4;

--
-- AUTO_INCREMENT for table `cities`
--
ALTER TABLE `cities`
  MODIFY `CityID` int(11) NOT NULL AUTO_INCREMENT, AUTO_INCREMENT=6;

--
-- AUTO_INCREMENT for table `flights`
--
ALTER TABLE `flights`
  MODIFY `FlightID` int(11) NOT NULL AUTO_INCREMENT, AUTO_INCREMENT=435;

--
-- AUTO_INCREMENT for table `flightseats`
--
ALTER TABLE `flightseats`
  MODIFY `FlightSeatId` int(11) NOT NULL AUTO_INCREMENT, AUTO_INCREMENT=1921;

--
-- AUTO_INCREMENT for table `payments`
--
ALTER TABLE `payments`
  MODIFY `PaymentID` int(11) NOT NULL AUTO_INCREMENT;

--
-- AUTO_INCREMENT for table `pricingpolicies`
--
ALTER TABLE `pricingpolicies`
  MODIFY `PolicyID` int(11) NOT NULL AUTO_INCREMENT, AUTO_INCREMENT=5;

--
-- AUTO_INCREMENT for table `refunds`
--
ALTER TABLE `refunds`
  MODIFY `RefundID` int(11) NOT NULL AUTO_INCREMENT, AUTO_INCREMENT=9;

--
-- AUTO_INCREMENT for table `reservations`
--
ALTER TABLE `reservations`
  MODIFY `ReservationID` int(11) NOT NULL AUTO_INCREMENT, AUTO_INCREMENT=12;

--
-- AUTO_INCREMENT for table `schedules`
--
ALTER TABLE `schedules`
  MODIFY `ScheduleID` int(11) NOT NULL AUTO_INCREMENT, AUTO_INCREMENT=1329;

--
-- AUTO_INCREMENT for table `seatlayouts`
--
ALTER TABLE `seatlayouts`
  MODIFY `SeatLayoutId` int(11) NOT NULL AUTO_INCREMENT, AUTO_INCREMENT=3;

--
-- AUTO_INCREMENT for table `seats`
--
ALTER TABLE `seats`
  MODIFY `SeatId` int(11) NOT NULL AUTO_INCREMENT, AUTO_INCREMENT=481;

--
-- AUTO_INCREMENT for table `users`
--
ALTER TABLE `users`
  MODIFY `UserID` int(11) NOT NULL AUTO_INCREMENT, AUTO_INCREMENT=3;

--
-- Constraints for dumped tables
--

--
-- Constraints for table `aspnetroleclaims`
--
ALTER TABLE `aspnetroleclaims`
  ADD CONSTRAINT `FK_AspNetRoleClaims_AspNetRoles_RoleId` FOREIGN KEY (`RoleId`) REFERENCES `aspnetroles` (`Id`) ON DELETE CASCADE;

--
-- Constraints for table `aspnetuserclaims`
--
ALTER TABLE `aspnetuserclaims`
  ADD CONSTRAINT `FK_AspNetUserClaims_AspNetUsers_UserId` FOREIGN KEY (`UserId`) REFERENCES `aspnetusers` (`Id`) ON DELETE CASCADE;

--
-- Constraints for table `aspnetuserlogins`
--
ALTER TABLE `aspnetuserlogins`
  ADD CONSTRAINT `FK_AspNetUserLogins_AspNetUsers_UserId` FOREIGN KEY (`UserId`) REFERENCES `aspnetusers` (`Id`) ON DELETE CASCADE;

--
-- Constraints for table `aspnetuserroles`
--
ALTER TABLE `aspnetuserroles`
  ADD CONSTRAINT `FK_AspNetUserRoles_AspNetRoles_RoleId` FOREIGN KEY (`RoleId`) REFERENCES `aspnetroles` (`Id`) ON DELETE CASCADE,
  ADD CONSTRAINT `FK_AspNetUserRoles_AspNetUsers_UserId` FOREIGN KEY (`UserId`) REFERENCES `aspnetusers` (`Id`) ON DELETE CASCADE;

--
-- Constraints for table `aspnetusertokens`
--
ALTER TABLE `aspnetusertokens`
  ADD CONSTRAINT `FK_AspNetUserTokens_AspNetUsers_UserId` FOREIGN KEY (`UserId`) REFERENCES `aspnetusers` (`Id`) ON DELETE CASCADE;

--
-- Constraints for table `flights`
--
ALTER TABLE `flights`
  ADD CONSTRAINT `FK_Flights_Cities_DestinationCityID` FOREIGN KEY (`DestinationCityID`) REFERENCES `cities` (`CityID`),
  ADD CONSTRAINT `FK_Flights_Cities_OriginCityID` FOREIGN KEY (`OriginCityID`) REFERENCES `cities` (`CityID`),
  ADD CONSTRAINT `FK_Flights_PricingPolicies_PolicyID` FOREIGN KEY (`PolicyID`) REFERENCES `pricingpolicies` (`PolicyID`) ON DELETE SET NULL;

--
-- Constraints for table `flightseats`
--
ALTER TABLE `flightseats`
  ADD CONSTRAINT `FK_FlightSeats_Reservations_ReservedByReservationID` FOREIGN KEY (`ReservedByReservationID`) REFERENCES `reservations` (`ReservationID`) ON DELETE SET NULL,
  ADD CONSTRAINT `FK_FlightSeats_Schedules_ScheduleId` FOREIGN KEY (`ScheduleId`) REFERENCES `schedules` (`ScheduleID`) ON DELETE CASCADE,
  ADD CONSTRAINT `FK_FlightSeats_Seats_SeatId` FOREIGN KEY (`SeatId`) REFERENCES `seats` (`SeatId`);

--
-- Constraints for table `payments`
--
ALTER TABLE `payments`
  ADD CONSTRAINT `FK_Payments_Reservations_ReservationID` FOREIGN KEY (`ReservationID`) REFERENCES `reservations` (`ReservationID`) ON DELETE CASCADE;

--
-- Constraints for table `refunds`
--
ALTER TABLE `refunds`
  ADD CONSTRAINT `FK_Refunds_Reservations_ReservationID` FOREIGN KEY (`ReservationID`) REFERENCES `reservations` (`ReservationID`) ON DELETE CASCADE;

--
-- Constraints for table `reservations`
--
ALTER TABLE `reservations`
  ADD CONSTRAINT `FK_Reservations_AspNetUsers_UserID` FOREIGN KEY (`UserID`) REFERENCES `aspnetusers` (`Id`) ON DELETE CASCADE,
  ADD CONSTRAINT `FK_Reservations_FlightSeats_FlightSeatId` FOREIGN KEY (`FlightSeatId`) REFERENCES `flightseats` (`FlightSeatId`) ON DELETE SET NULL,
  ADD CONSTRAINT `FK_Reservations_Flights_FlightID` FOREIGN KEY (`FlightID`) REFERENCES `flights` (`FlightID`),
  ADD CONSTRAINT `FK_Reservations_Schedules_ScheduleID` FOREIGN KEY (`ScheduleID`) REFERENCES `schedules` (`ScheduleID`),
  ADD CONSTRAINT `FK_Reservations_Seats_SeatId` FOREIGN KEY (`SeatId`) REFERENCES `seats` (`SeatId`) ON DELETE SET NULL,
  ADD CONSTRAINT `FK_Reservations_Users_UserID` FOREIGN KEY (`UserID`) REFERENCES `users` (`UserID`) ON DELETE CASCADE;

--
-- Constraints for table `schedules`
--
ALTER TABLE `schedules`
  ADD CONSTRAINT `FK_Schedules_Cities_CityID` FOREIGN KEY (`CityID`) REFERENCES `cities` (`CityID`) ON DELETE SET NULL,
  ADD CONSTRAINT `FK_Schedules_Flights_FlightID` FOREIGN KEY (`FlightID`) REFERENCES `flights` (`FlightID`) ON DELETE CASCADE;
COMMIT;

/*!40101 SET CHARACTER_SET_CLIENT=@OLD_CHARACTER_SET_CLIENT */;
/*!40101 SET CHARACTER_SET_RESULTS=@OLD_CHARACTER_SET_RESULTS */;
/*!40101 SET COLLATION_CONNECTION=@OLD_COLLATION_CONNECTION */;
